,date,open,high,low,close,volume,EMA_20,atr,nLoss,src,xATRTrailingStop,pos
0,2024-07-30 14:10:00+05:30,81639.65,81639.65,81639.65,81639.65,0,,0.0,0.0,81639.65,81639.65,0.0
1,2024-07-30 14:15:00+05:30,81639.65,81750.0,81639.65,81750.0,10,,110.35000000000582,220.70000000001164,81750.0,81529.29999999999,0.0
2,2024-07-30 14:20:00+05:30,81750.0,81750.0,81750.0,81750.0,30,,0.0,0.0,81750.0,81750.0,0.0
3,2024-07-30 14:25:00+05:30,81750.0,81750.0,81750.0,81750.0,0,,0.0,0.0,81750.0,81750.0,0.0
4,2024-07-30 14:30:00+05:30,81750.0,81750.0,81750.0,81750.0,0,,0.0,0.0,81750.0,81750.0,0.0
5,2024-07-30 14:35:00+05:30,81750.0,81750.0,81750.0,81750.0,0,,0.0,0.0,81750.0,81750.0,0.0
6,2024-07-30 14:40:00+05:30,81750.0,81750.0,81750.0,81750.0,0,,0.0,0.0,81750.0,81750.0,0.0
7,2024-07-30 14:45:00+05:30,81750.0,81767.05,81750.0,81767.05,10,,17.05000000000291,34.10000000000582,81767.05,81732.95,0.0
8,2024-07-30 14:50:00+05:30,81767.05,81767.05,81767.05,81767.05,0,,0.0,0.0,81767.05,81767.05,0.0
9,2024-07-30 14:55:00+05:30,81767.05,81767.05,81700.0,81700.0,10,,67.05000000000291,134.10000000000582,81700.0,81834.1,0.0
10,2024-07-30 15:00:00+05:30,81700.0,81700.0,81700.0,81700.0,0,,0.0,0.0,81700.0,81700.0,0.0
11,2024-07-30 15:05:00+05:30,81700.0,81700.0,81700.0,81700.0,20,,0.0,0.0,81700.0,81700.0,0.0
12,2024-07-30 15:10:00+05:30,81700.0,81700.0,81600.0,81600.0,10,,100.0,200.0,81600.0,81800.0,0.0
13,2024-07-30 15:15:00+05:30,81600.0,81600.0,81600.0,81600.0,0,,0.0,0.0,81600.0,81600.0,0.0
14,2024-07-30 15:20:00+05:30,81600.0,81619.0,81600.0,81600.0,30,,19.0,38.0,81600.0,81638.0,0.0
15,2024-07-30 15:25:00+05:30,81600.0,81600.0,81551.8,81551.8,40,,48.19999999999709,96.39999999999418,81551.8,81638.0,0.0
16,2024-07-31 09:20:00+05:30,81774.9,81774.9,81721.95,81721.95,10,,223.09999999999127,446.19999999998254,81721.95,81275.75000000001,1.0
17,2024-07-31 09:25:00+05:30,81721.95,81721.95,81650.0,81670.0,220,,71.94999999999709,143.89999999999418,81670.0,81526.1,1.0
18,2024-07-31 09:30:00+05:30,81670.0,81670.0,81600.0,81600.0,30,,70.0,140.0,81600.0,81526.1,1.0
19,2024-07-31 09:35:00+05:30,81600.0,81600.0,81600.0,81600.0,0,81685.87499999999,0.0,0.0,81600.0,81600.0,1.0
20,2024-07-31 09:40:00+05:30,81600.0,81600.0,81600.0,81600.0,0,81677.6964285714,0.0,0.0,81600.0,81600.0,1.0
21,2024-07-31 09:45:00+05:30,81600.0,81600.0,81600.0,81600.0,0,81670.29676870746,0.0,0.0,81600.0,81600.0,1.0
22,2024-07-31 09:50:00+05:30,81600.0,81600.0,81600.0,81600.0,0,81663.60183835436,0.0,0.0,81600.0,81600.0,1.0
23,2024-07-31 09:55:00+05:30,81600.0,81644.4,81600.0,81644.4,10,81661.77309184443,44.39999999999418,88.79999999998836,81644.4,81555.6,1.0
24,2024-07-31 10:00:00+05:30,81644.4,81644.4,81644.4,81644.4,0,81660.11851166877,0.0,0.0,81644.4,81644.4,1.0
25,2024-07-31 10:05:00+05:30,81644.4,81644.4,81644.4,81644.4,0,81658.62151055747,0.0,0.0,81644.4,81644.4,1.0
26,2024-07-31 10:10:00+05:30,81644.4,81644.4,81644.4,81644.4,0,81657.26708098057,0.0,0.0,81644.4,81644.4,1.0
27,2024-07-31 10:15:00+05:30,81644.4,81644.4,81644.4,81644.4,0,81656.04164469671,0.0,0.0,81644.4,81644.4,1.0
28,2024-07-31 10:20:00+05:30,81644.4,81800.0,81644.4,81800.0,10,81669.7519642494,155.60000000000582,311.20000000001164,81800.0,81488.79999999999,1.0
29,2024-07-31 10:25:00+05:30,81800.0,81800.0,81800.0,81800.0,0,81682.15653908279,0.0,0.0,81800.0,81800.0,1.0
30,2024-07-31 10:30:00+05:30,81800.0,81800.0,81800.0,81800.0,10,81693.3797258368,0.0,0.0,81800.0,81800.0,1.0
31,2024-07-31 10:35:00+05:30,81800.0,81800.0,81800.0,81800.0,0,81703.53403766186,0.0,0.0,81800.0,81800.0,1.0
32,2024-07-31 10:40:00+05:30,81800.0,81800.0,81800.0,81800.0,0,81712.72127217024,0.0,0.0,81800.0,81800.0,1.0
33,2024-07-31 10:45:00+05:30,81800.0,81800.0,81800.0,81800.0,20,81721.03353196355,0.0,0.0,81800.0,81800.0,1.0
34,2024-07-31 10:50:00+05:30,81800.0,81800.0,81800.0,81800.0,0,81728.55414796702,0.0,0.0,81800.0,81800.0,1.0
35,2024-07-31 10:55:00+05:30,81800.0,81800.0,81800.0,81800.0,0,81735.3585148273,0.0,0.0,81800.0,81800.0,1.0
36,2024-07-31 11:00:00+05:30,81800.0,81800.0,81770.0,81770.0,10,81738.65770389137,30.0,60.0,81770.0,81830.0,1.0
37,2024-07-31 11:05:00+05:30,81770.0,81770.0,81770.0,81770.0,10,81741.64268447315,0.0,0.0,81770.0,81770.0,1.0
38,2024-07-31 11:10:00+05:30,81770.0,81770.0,81770.0,81770.0,0,81744.34338119,0.0,0.0,81770.0,81770.0,1.0
39,2024-07-31 11:15:00+05:30,81770.0,81770.0,81770.0,81770.0,0,81746.78686869572,0.0,0.0,81770.0,81770.0,1.0
40,2024-07-31 11:20:00+05:30,81770.0,81770.0,81770.0,81770.0,0,81748.99764310566,0.0,0.0,81770.0,81770.0,1.0
41,2024-07-31 11:25:00+05:30,81770.0,81770.0,81694.6,81694.6,10,81743.81691519082,75.39999999999418,150.79999999998836,81694.6,81845.4,1.0
42,2024-07-31 11:30:00+05:30,81694.6,81694.6,81694.6,81694.6,0,81739.12958993454,0.0,0.0,81694.6,81694.6,1.0
43,2024-07-31 11:35:00+05:30,81694.6,81694.6,81694.6,81694.6,0,81734.88867660744,0.0,0.0,81694.6,81694.6,1.0
44,2024-07-31 11:40:00+05:30,81694.6,81694.6,81694.6,81694.6,0,81731.05165978768,0.0,0.0,81694.6,81694.6,1.0
45,2024-07-31 11:45:00+05:30,81694.6,81694.6,81694.6,81694.6,0,81727.58007314123,0.0,0.0,81694.6,81694.6,1.0
46,2024-07-31 11:50:00+05:30,81694.6,81790.9,81694.6,81790.9,20,81733.61054236589,96.29999999998836,192.59999999997672,81790.9,81598.30000000002,1.0
47,2024-07-31 11:55:00+05:30,81790.9,81790.9,81790.9,81790.9,0,81739.0666811882,0.0,0.0,81790.9,81790.9,1.0
48,2024-07-31 12:00:00+05:30,81790.9,81790.9,81790.9,81790.9,0,81744.0031877417,0.0,0.0,81790.9,81790.9,1.0
49,2024-07-31 12:05:00+05:30,81790.9,81790.9,81790.9,81790.9,0,81748.46955081393,0.0,0.0,81790.9,81790.9,1.0
50,2024-07-31 12:10:00+05:30,81790.9,81790.9,81790.9,81790.9,0,81752.51054597451,0.0,0.0,81790.9,81790.9,1.0
51,2024-07-31 12:15:00+05:30,81790.9,81790.9,81790.9,81790.9,10,81756.16668445313,0.0,0.0,81790.9,81790.9,1.0
52,2024-07-31 12:20:00+05:30,81790.9,81790.9,81790.9,81790.9,0,81759.47461926712,0.0,0.0,81790.9,81790.9,1.0
53,2024-07-31 12:25:00+05:30,81790.9,81790.9,81731.0,81731.0,10,81756.76275076548,59.89999999999418,119.79999999998836,81731.0,81850.79999999999,1.0
54,2024-07-31 12:30:00+05:30,81731.0,81731.0,81731.0,81731.0,0,81754.30915545448,0.0,0.0,81731.0,81731.0,1.0
55,2024-07-31 12:35:00+05:30,81731.0,81731.0,81731.0,81731.0,0,81752.08923588738,0.0,0.0,81731.0,81731.0,1.0
56,2024-07-31 12:40:00+05:30,81731.0,81731.0,81731.0,81731.0,0,81750.08073723144,0.0,0.0,81731.0,81731.0,1.0
57,2024-07-31 12:45:00+05:30,81731.0,81731.0,81731.0,81731.0,0,81748.26352416178,0.0,0.0,81731.0,81731.0,1.0
58,2024-07-31 12:50:00+05:30,81731.0,81731.0,81731.0,81731.0,0,81746.61937900352,0.0,0.0,81731.0,81731.0,1.0
59,2024-07-31 12:55:00+05:30,81731.0,81731.0,81731.0,81731.0,0,81745.13181909842,0.0,0.0,81731.0,81731.0,1.0
60,2024-07-31 13:00:00+05:30,81731.0,81731.0,81731.0,81731.0,0,81743.78593156523,0.0,0.0,81731.0,81731.0,1.0
61,2024-07-31 13:05:00+05:30,81731.0,81731.0,81731.0,81731.0,0,81742.56822379712,0.0,0.0,81731.0,81731.0,1.0
62,2024-07-31 13:10:00+05:30,81731.0,81731.0,81731.0,81731.0,0,81741.4664881974,0.0,0.0,81731.0,81731.0,1.0
63,2024-07-31 13:15:00+05:30,81731.0,81731.0,81731.0,81731.0,0,81740.46967979765,0.0,0.0,81731.0,81731.0,1.0
64,2024-07-31 13:20:00+05:30,81731.0,81731.0,81731.0,81731.0,0,81739.56780553122,0.0,0.0,81731.0,81731.0,1.0
65,2024-07-31 13:25:00+05:30,81731.0,81731.0,81731.0,81731.0,0,81738.75182405206,0.0,0.0,81731.0,81731.0,1.0
66,2024-07-31 13:30:00+05:30,81731.0,81731.0,81731.0,81731.0,0,81738.01355509472,0.0,0.0,81731.0,81731.0,1.0
67,2024-07-31 13:35:00+05:30,81731.0,81750.7,81731.0,81750.7,10,81739.22178794284,19.69999999999709,39.39999999999418,81750.7,81711.3,1.0
68,2024-07-31 13:40:00+05:30,81750.7,81750.7,81750.7,81750.7,0,81740.3149509959,0.0,0.0,81750.7,81750.7,1.0
69,2024-07-31 13:45:00+05:30,81750.7,81750.7,81750.7,81750.7,0,81741.30400328201,0.0,0.0,81750.7,81750.7,1.0
70,2024-07-31 13:50:00+05:30,81750.7,81750.7,81750.7,81750.7,0,81742.1988601123,0.0,0.0,81750.7,81750.7,1.0
71,2024-07-31 13:55:00+05:30,81750.7,81750.7,81750.7,81750.7,0,81743.00849248256,0.0,0.0,81750.7,81750.7,1.0
72,2024-07-31 14:00:00+05:30,81750.7,81750.7,81750.7,81750.7,0,81743.74101700804,0.0,0.0,81750.7,81750.7,1.0
73,2024-07-31 14:05:00+05:30,81750.7,81770.0,81750.7,81770.0,10,81746.24187253109,19.30000000000291,38.60000000000582,81770.0,81731.4,1.0
74,2024-07-31 14:10:00+05:30,81770.0,81770.0,81770.0,81770.0,0,81748.50455133765,0.0,0.0,81770.0,81770.0,1.0
75,2024-07-31 14:15:00+05:30,81770.0,81770.0,81770.0,81770.0,0,81750.55173692455,0.0,0.0,81770.0,81770.0,1.0
76,2024-07-31 14:20:00+05:30,81770.0,81770.0,81770.0,81770.0,0,81752.40395245556,0.0,0.0,81770.0,81770.0,1.0
77,2024-07-31 14:25:00+05:30,81770.0,81800.0,81770.0,81800.0,30,81756.93690936455,30.0,60.0,81800.0,81740.0,1.0
78,2024-07-31 14:30:00+05:30,81800.0,81800.0,81800.0,81800.0,0,81761.03815609173,0.0,0.0,81800.0,81800.0,1.0
79,2024-07-31 14:35:00+05:30,81800.0,81800.0,81753.75,81753.75,10,81760.34404598776,46.25,92.5,81753.75,81846.25,1.0
80,2024-07-31 14:40:00+05:30,81753.75,81753.75,81753.75,81753.75,0,81759.71604160799,0.0,0.0,81753.75,81753.75,1.0
81,2024-07-31 14:45:00+05:30,81753.75,81815.0,81744.75,81800.0,30,81763.55260907389,70.25,140.5,81800.0,81659.5,1.0
82,2024-07-31 14:50:00+05:30,81800.0,81800.0,81800.0,81800.0,0,81767.02378916208,0.0,0.0,81800.0,81800.0,1.0
83,2024-07-31 14:55:00+05:30,81800.0,81800.0,81800.0,81800.0,0,81770.16438067045,0.0,0.0,81800.0,81800.0,1.0
84,2024-07-31 15:00:00+05:30,81800.0,81800.0,81800.0,81800.0,0,81773.00586822563,0.0,0.0,81800.0,81800.0,1.0
85,2024-07-31 15:05:00+05:30,81800.0,81800.0,81800.0,81800.0,0,81775.57673791843,0.0,0.0,81800.0,81800.0,1.0
86,2024-07-31 15:10:00+05:30,81800.0,81800.0,81723.65,81723.65,30,81770.63133430715,76.35000000000582,152.70000000001164,81723.65,81876.35,1.0
87,2024-07-31 15:15:00+05:30,81723.65,81819.6,81723.65,81819.6,10,81775.29501675408,95.95000000001164,191.90000000002328,81819.6,81876.35,1.0
88,2024-07-31 15:20:00+05:30,81819.6,81819.6,81819.6,81819.6,0,81779.51453896798,0.0,0.0,81819.6,81819.6,1.0
89,2024-07-31 15:25:00+05:30,81819.6,81882.15,81819.6,81882.15,30,81789.28934478055,62.54999999998836,125.09999999997672,81882.15,81757.05000000002,1.0
90,2024-08-01 09:15:00+05:30,82000.0,82000.0,81997.15,81998.75,30,81809.23797861098,117.85000000000582,235.70000000001164,81998.75,81763.04999999999,1.0
91,2024-08-01 09:20:00+05:30,81998.75,82112.55,81998.75,82100.05,140,81836.93436160042,113.80000000000291,227.60000000000582,82100.05,81872.45,1.0
92,2024-08-01 09:25:00+05:30,82100.05,82100.05,82090.05,82095.0,50,81861.512041448,10.0,20.0,82095.0,82075.0,1.0
93,2024-08-01 09:30:00+05:30,82095.0,82095.0,82095.0,82095.0,10,81883.74898988154,0.0,0.0,82095.0,82095.0,1.0
94,2024-08-01 09:35:00+05:30,82095.0,82095.0,82095.0,82095.0,0,81903.86813370236,0.0,0.0,82095.0,82095.0,1.0
95,2024-08-01 09:40:00+05:30,82095.0,82095.0,82095.0,82095.0,0,81922.07116858785,0.0,0.0,82095.0,82095.0,1.0
96,2024-08-01 09:45:00+05:30,82095.0,82095.0,82095.0,82095.0,0,81938.5405811033,0.0,0.0,82095.0,82095.0,1.0
97,2024-08-01 09:50:00+05:30,82095.0,82095.0,82050.0,82050.0,10,81949.15576385536,45.0,90.0,82050.0,82140.0,1.0
98,2024-08-01 09:55:00+05:30,82050.0,82050.0,82000.0,82000.0,10,81953.99807205962,50.0,100.0,82000.0,82100.0,1.0
99,2024-08-01 10:00:00+05:30,82000.0,82000.0,82000.0,82000.0,0,81958.37920805396,0.0,0.0,82000.0,82000.0,1.0
100,2024-08-01 10:05:00+05:30,82000.0,82000.0,82000.0,82000.0,0,81962.3430930012,0.0,0.0,82000.0,82000.0,1.0
101,2024-08-01 10:10:00+05:30,82000.0,82000.0,82000.0,82000.0,20,81965.92946509633,0.0,0.0,82000.0,82000.0,1.0
102,2024-08-01 10:15:00+05:30,82000.0,82025.0,82000.0,82025.0,40,81971.55523032525,25.0,50.0,82025.0,81975.0,1.0
103,2024-08-01 10:20:00+05:30,82025.0,82025.0,82025.0,82025.0,0,81976.64520838951,0.0,0.0,82025.0,82025.0,1.0
104,2024-08-01 10:25:00+05:30,82025.0,82025.0,82000.0,82000.0,100,81978.86947425717,25.0,50.0,82000.0,82050.0,1.0
105,2024-08-01 10:30:00+05:30,82000.0,82000.0,82000.0,82000.0,0,81980.88190528029,0.0,0.0,82000.0,82000.0,1.0
106,2024-08-01 10:35:00+05:30,82000.0,82000.0,82000.0,82000.0,30,81982.70267620598,0.0,0.0,82000.0,82000.0,1.0
107,2024-08-01 10:40:00+05:30,82000.0,82000.0,82000.0,82000.0,40,81984.35004037686,0.0,0.0,82000.0,82000.0,1.0
108,2024-08-01 10:45:00+05:30,82000.0,82000.0,82000.0,82000.0,0,81985.84051272192,0.0,0.0,82000.0,82000.0,1.0
109,2024-08-01 10:50:00+05:30,82000.0,82000.0,82000.0,82000.0,0,81987.18903531984,0.0,0.0,82000.0,82000.0,1.0
110,2024-08-01 10:55:00+05:30,82000.0,82000.0,82000.0,82000.0,0,81988.40912719414,0.0,0.0,82000.0,82000.0,1.0
111,2024-08-01 11:00:00+05:30,82000.0,82000.0,82000.0,82000.0,0,81989.51301984233,0.0,0.0,82000.0,82000.0,1.0
112,2024-08-01 11:05:00+05:30,82000.0,82000.0,82000.0,82000.0,0,81990.51177985733,0.0,0.0,82000.0,82000.0,1.0
113,2024-08-01 11:10:00+05:30,82000.0,82000.0,82000.0,82000.0,30,81991.41541987093,0.0,0.0,82000.0,82000.0,1.0
114,2024-08-01 11:15:00+05:30,82000.0,82000.0,82000.0,82000.0,0,81992.23299893085,0.0,0.0,82000.0,82000.0,1.0
115,2024-08-01 11:20:00+05:30,82000.0,82028.2,82000.0,82028.0,20,81995.63937998505,28.19999999999709,56.39999999999418,82028.0,81971.6,1.0
116,2024-08-01 11:25:00+05:30,82028.0,82028.0,82028.0,82028.0,0,81998.72134379599,0.0,0.0,82028.0,82028.0,1.0
117,2024-08-01 11:30:00+05:30,82028.0,82028.0,82028.0,82028.0,10,82001.50978724398,0.0,0.0,82028.0,82028.0,1.0
118,2024-08-01 11:35:00+05:30,82028.0,82028.0,82028.0,82028.0,0,82004.03266464932,0.0,0.0,82028.0,82028.0,1.0
119,2024-08-01 11:40:00+05:30,82028.0,82028.0,82028.0,82028.0,0,82006.31526801604,0.0,0.0,82028.0,82028.0,1.0
120,2024-08-01 11:45:00+05:30,82028.0,82028.0,81920.95,81920.95,20,81998.1852424907,107.05000000000291,214.10000000000582,81920.95,82135.05,1.0
121,2024-08-01 11:50:00+05:30,81920.95,81920.95,81914.7,81914.7,20,81990.23426701539,6.25,12.5,81914.7,81927.2,1.0
122,2024-08-01 11:55:00+05:30,81914.7,81920.0,81914.7,81920.0,10,81983.5452892044,5.30000000000291,10.60000000000582,81920.0,81927.2,1.0
123,2024-08-01 12:00:00+05:30,81920.0,81920.0,81920.0,81920.0,0,81977.49335689921,0.0,0.0,81920.0,81920.0,1.0
124,2024-08-01 12:05:00+05:30,81920.0,81920.0,81900.0,81900.0,10,81970.11303719453,20.0,40.0,81900.0,81940.0,1.0
125,2024-08-01 12:10:00+05:30,81900.0,81900.0,81900.0,81900.0,0,81963.43560508077,0.0,0.0,81900.0,81900.0,1.0
126,2024-08-01 12:15:00+05:30,81900.0,81900.0,81900.0,81900.0,0,81957.3941188826,0.0,0.0,81900.0,81900.0,1.0
127,2024-08-01 12:20:00+05:30,81900.0,81900.0,81900.0,81900.0,0,81951.92801232236,0.0,0.0,81900.0,81900.0,1.0
128,2024-08-01 12:25:00+05:30,81900.0,81900.0,81900.0,81900.0,0,81946.98248733928,0.0,0.0,81900.0,81900.0,1.0
129,2024-08-01 12:30:00+05:30,81900.0,81900.0,81900.0,81900.0,0,81942.50796473555,0.0,0.0,81900.0,81900.0,1.0
130,2024-08-01 12:35:00+05:30,81900.0,81900.0,81800.0,81800.0,30,81928.93577761787,100.0,200.0,81800.0,82000.0,1.0
131,2024-08-01 12:40:00+05:30,81800.0,81810.0,81800.0,81810.0,30,81917.60856070188,10.0,20.0,81810.0,81830.0,1.0
132,2024-08-01 12:45:00+05:30,81810.0,81810.0,81810.0,81810.0,0,81907.3601263493,0.0,0.0,81810.0,81810.0,1.0
133,2024-08-01 12:50:00+05:30,81810.0,81810.0,81810.0,81810.0,0,81898.08773336365,0.0,0.0,81810.0,81810.0,1.0
134,2024-08-01 12:55:00+05:30,81810.0,81869.8,81711.0,81869.8,260,81895.39366351948,158.8000000000029,317.6000000000058,81869.8,81552.2,1.0
135,2024-08-01 13:00:00+05:30,81869.8,81869.8,81787.95,81787.95,10,81885.16093366049,81.85000000000582,163.70000000001164,81787.95,81624.24999999999,1.0
136,2024-08-01 13:05:00+05:30,81787.95,81787.95,81787.95,81787.95,0,81875.90274950235,0.0,0.0,81787.95,81787.95,1.0
137,2024-08-01 13:10:00+05:30,81787.95,81787.95,81787.95,81787.95,0,81867.52629716879,0.0,0.0,81787.95,81787.95,1.0
138,2024-08-01 13:15:00+05:30,81787.95,81869.75,81787.95,81865.0,100,81867.28569743843,81.80000000000291,163.60000000000582,81865.0,81701.4,1.0
139,2024-08-01 13:20:00+05:30,81865.0,81865.0,81865.0,81865.0,0,81867.0680119681,0.0,0.0,81865.0,81865.0,1.0
140,2024-08-01 13:25:00+05:30,81865.0,81880.0,81865.0,81880.0,10,81868.29962987591,15.0,30.0,81880.0,81850.0,1.0
141,2024-08-01 13:30:00+05:30,81880.0,81880.0,81880.0,81880.0,0,81869.41395084011,0.0,0.0,81880.0,81880.0,1.0
142,2024-08-01 13:35:00+05:30,81880.0,81880.0,81880.0,81880.0,0,81870.42214599819,0.0,0.0,81880.0,81880.0,1.0
143,2024-08-01 13:40:00+05:30,81880.0,81880.0,81880.0,81880.0,0,81871.33432256979,0.0,0.0,81880.0,81880.0,1.0
144,2024-08-01 13:45:00+05:30,81880.0,81880.0,81880.0,81880.0,0,81872.15962518219,0.0,0.0,81880.0,81880.0,1.0
145,2024-08-01 13:50:00+05:30,81880.0,81880.0,81880.0,81880.0,10,81872.90632754579,0.0,0.0,81880.0,81880.0,1.0
146,2024-08-01 13:55:00+05:30,81880.0,81880.0,81880.0,81880.0,0,81873.58191539856,0.0,0.0,81880.0,81880.0,1.0
147,2024-08-01 14:00:00+05:30,81880.0,81880.0,81880.0,81880.0,10,81874.19316155108,0.0,0.0,81880.0,81880.0,1.0
148,2024-08-01 14:05:00+05:30,81880.0,81880.0,81880.0,81880.0,0,81874.74619378432,0.0,0.0,81880.0,81880.0,1.0
149,2024-08-01 14:10:00+05:30,81880.0,81880.0,81880.0,81880.0,0,81875.24655628105,0.0,0.0,81880.0,81880.0,1.0
150,2024-08-01 14:15:00+05:30,81880.0,81880.0,81880.0,81880.0,0,81875.69926520667,0.0,0.0,81880.0,81880.0,1.0
151,2024-08-01 14:20:00+05:30,81880.0,81880.0,81880.0,81880.0,0,81876.10885899651,0.0,0.0,81880.0,81880.0,1.0
152,2024-08-01 14:25:00+05:30,81880.0,81880.0,81800.0,81800.0,10,81868.86039623493,80.0,160.0,81800.0,81960.0,1.0
153,2024-08-01 14:30:00+05:30,81800.0,81800.0,81787.95,81787.95,10,81861.15464421255,12.05000000000291,24.10000000000582,81787.95,81812.05,1.0
154,2024-08-01 14:35:00+05:30,81787.95,81820.0,81787.95,81800.0,210,81855.33039238278,32.05000000000291,64.10000000000582,81800.0,81812.05,1.0
155,2024-08-01 14:40:00+05:30,81800.0,81850.0,81800.0,81850.0,70,81854.82273596537,50.0,100.0,81850.0,81750.0,1.0
156,2024-08-01 14:45:00+05:30,81850.0,81850.0,81850.0,81850.0,0,81854.36342777818,0.0,0.0,81850.0,81850.0,1.0
157,2024-08-01 14:50:00+05:30,81850.0,81850.0,81850.0,81850.0,0,81853.94786322788,0.0,0.0,81850.0,81850.0,1.0
158,2024-08-01 14:55:00+05:30,81850.0,81850.0,81850.0,81850.0,0,81853.57187625379,0.0,0.0,81850.0,81850.0,1.0
159,2024-08-01 15:00:00+05:30,81850.0,81850.0,81846.85,81846.85,10,81852.93169756295,3.1499999999941792,6.2999999999883585,81846.85,81853.15,1.0
160,2024-08-01 15:05:00+05:30,81846.85,81846.85,81846.85,81846.85,0,81852.35248827124,0.0,0.0,81846.85,81846.85,1.0
161,2024-08-01 15:10:00+05:30,81846.85,81846.85,81846.85,81846.85,0,81851.8284417692,0.0,0.0,81846.85,81846.85,1.0
162,2024-08-01 15:15:00+05:30,81846.85,81846.85,81780.2,81780.2,20,81845.00668541023,66.65000000000873,133.30000000001746,81780.2,81913.50000000001,1.0
163,2024-08-01 15:20:00+05:30,81780.2,81900.0,81780.2,81900.0,20,81850.24414394259,119.80000000000291,239.60000000000582,81900.0,81913.50000000001,1.0
164,2024-08-01 15:25:00+05:30,81900.0,81900.0,81880.0,81890.35,90,81854.0637492814,20.0,40.0,81890.35,81913.50000000001,1.0
165,2024-08-02 09:15:00+05:30,81400.0,81400.0,81319.95,81319.95,100,81803.19577315936,570.4000000000087,1140.8000000000175,81319.95,81913.50000000001,1.0
166,2024-08-02 09:20:00+05:30,81319.95,81389.75,81319.95,81350.0,270,81760.0342709537,69.80000000000291,139.60000000000582,81350.0,81489.6,1.0
167,2024-08-02 09:25:00+05:30,81350.0,81449.85,81350.0,81449.85,100,81730.49291181526,99.85000000000582,199.70000000001164,81449.85,81489.6,1.0
168,2024-08-02 09:30:00+05:30,81449.85,81449.85,81400.0,81400.0,70,81699.01739640428,49.85000000000582,99.70000000001164,81400.0,81489.6,1.0
169,2024-08-02 09:35:00+05:30,81400.0,81400.0,81315.0,81315.0,80,81662.44431103244,85.0,170.0,81315.0,81485.0,1.0
170,2024-08-02 09:40:00+05:30,81315.0,81315.0,81250.0,81250.0,40,81623.16390045792,65.0,130.0,81250.0,81380.0,1.0
171,2024-08-02 09:45:00+05:30,81250.0,81250.0,81200.0,81200.0,50,81582.86257660478,50.0,100.0,81200.0,81300.0,1.0
172,2024-08-02 09:50:00+05:30,81200.0,81250.0,81200.0,81250.0,10,81551.1613788329,50.0,100.0,81250.0,81300.0,1.0
173,2024-08-02 09:55:00+05:30,81250.0,81250.0,81200.0,81200.0,50,81517.71743799167,50.0,100.0,81200.0,81300.0,1.0
174,2024-08-02 10:00:00+05:30,81200.0,81200.0,81079.8,81079.8,40,81476.0110153258,120.19999999999709,240.39999999999418,81079.8,81300.0,1.0
175,2024-08-02 10:05:00+05:30,81079.8,81260.1,81079.8,81260.1,20,81455.44806148525,180.3000000000029,360.6000000000058,81260.1,81300.0,1.0
176,2024-08-02 10:10:00+05:30,81260.1,81320.0,81260.1,81320.0,300,81442.54824610571,59.89999999999418,119.79999999998836,81320.0,81200.20000000001,1.0
177,2024-08-02 10:15:00+05:30,81320.0,81379.05,81320.0,81379.05,40,81436.50079409564,59.05000000000291,118.10000000000582,81379.05,81260.95,1.0
178,2024-08-02 10:20:00+05:30,81379.05,81379.05,81312.95,81312.95,20,81424.73405180083,66.10000000000582,132.20000000001164,81312.95,81260.95,1.0
179,2024-08-02 10:25:00+05:30,81312.95,81312.95,81225.0,81225.0,40,81405.71176115313,87.94999999999709,175.89999999999418,81225.0,81400.9,-1.0
180,2024-08-02 10:30:00+05:30,81225.0,81336.25,81225.0,81336.25,20,81399.09635532902,111.25,222.5,81336.25,81400.9,-1.0
181,2024-08-02 10:35:00+05:30,81336.25,81336.25,81275.0,81320.0,310,81391.56336910721,61.25,122.5,81320.0,81400.9,-1.0
182,2024-08-02 10:40:00+05:30,81320.0,81340.0,81300.0,81340.0,20,81386.6525720494,40.0,80.0,81340.0,81400.9,-1.0
183,2024-08-02 10:45:00+05:30,81340.0,81340.0,81340.0,81340.0,0,81382.20946994946,0.0,0.0,81340.0,81340.0,-1.0
184,2024-08-02 10:50:00+05:30,81340.0,81340.0,81340.0,81340.0,0,81378.18952043047,0.0,0.0,81340.0,81340.0,-1.0
185,2024-08-02 10:55:00+05:30,81340.0,81340.0,81340.0,81340.0,0,81374.55242324663,0.0,0.0,81340.0,81340.0,-1.0
186,2024-08-02 11:00:00+05:30,81340.0,81340.0,81340.0,81340.0,0,81371.26171627076,0.0,0.0,81340.0,81340.0,-1.0
187,2024-08-02 11:05:00+05:30,81340.0,81340.0,81340.0,81340.0,0,81368.28440995926,0.0,0.0,81340.0,81340.0,-1.0
188,2024-08-02 11:10:00+05:30,81340.0,81340.0,81340.0,81340.0,0,81365.5906566298,0.0,0.0,81340.0,81340.0,-1.0
189,2024-08-02 11:15:00+05:30,81340.0,81340.0,81333.15,81340.0,20,81363.1534512365,6.850000000005821,13.700000000011642,81340.0,81353.70000000001,-1.0
190,2024-08-02 11:20:00+05:30,81340.0,81340.0,81340.0,81340.0,0,81360.94836064255,0.0,0.0,81340.0,81340.0,-1.0
191,2024-08-02 11:25:00+05:30,81340.0,81340.0,81335.0,81335.0,20,81358.4770882004,5.0,10.0,81335.0,81345.0,-1.0
192,2024-08-02 11:30:00+05:30,81335.0,81379.95,81335.0,81379.95,40,81360.5221274194,44.94999999999709,89.89999999999418,81379.95,81290.05,1.0
193,2024-08-02 11:35:00+05:30,81379.95,81379.95,81321.1,81321.1,10,81356.76763909376,58.84999999999127,117.69999999998254,81321.1,81290.05,1.0
194,2024-08-02 11:40:00+05:30,81321.1,81321.1,81321.1,81321.1,0,81353.37072108482,0.0,0.0,81321.1,81321.1,1.0
195,2024-08-02 11:45:00+05:30,81321.1,81329.0,81321.0,81321.0,40,81350.28779526723,8.0,16.0,81321.0,81337.0,1.0
196,2024-08-02 11:50:00+05:30,81321.0,81350.0,81321.0,81350.0,10,81350.26038619416,29.0,58.0,81350.0,81292.0,1.0
197,2024-08-02 11:55:00+05:30,81350.0,81350.0,81350.0,81350.0,10,81350.23558750901,0.0,0.0,81350.0,81350.0,1.0
198,2024-08-02 12:00:00+05:30,81350.0,81350.0,81350.0,81350.0,0,81350.2131506034,0.0,0.0,81350.0,81350.0,1.0
199,2024-08-02 12:05:00+05:30,81350.0,81350.0,81348.95,81348.95,20,81350.09285054595,1.0500000000029104,2.1000000000058208,81348.95,81351.05,1.0
200,2024-08-02 12:10:00+05:30,81348.95,81348.95,81300.0,81300.0,20,81345.32210287491,48.94999999999709,97.89999999999418,81300.0,81351.05,1.0
201,2024-08-02 12:15:00+05:30,81300.0,81300.0,81300.0,81300.0,0,81341.00571212493,0.0,0.0,81300.0,81300.0,1.0
202,2024-08-02 12:20:00+05:30,81300.0,81300.0,81275.0,81275.0,10,81334.7194538273,25.0,50.0,81275.0,81325.0,1.0
203,2024-08-02 12:25:00+05:30,81275.0,81303.0,81250.0,81250.0,20,81326.65093441519,53.0,106.0,81250.0,81325.0,1.0
204,2024-08-02 12:30:00+05:30,81250.0,81250.0,81250.0,81250.0,0,81319.35084542327,0.0,0.0,81250.0,81250.0,1.0
205,2024-08-02 12:35:00+05:30,81250.0,81250.0,81250.0,81250.0,0,81312.746003002,0.0,0.0,81250.0,81250.0,1.0
206,2024-08-02 12:40:00+05:30,81250.0,81250.0,81205.0,81205.0,10,81302.48447890658,45.0,90.0,81205.0,81295.0,1.0
207,2024-08-02 12:45:00+05:30,81205.0,81205.0,81200.0,81200.0,30,81292.72405234404,5.0,10.0,81200.0,81210.0,1.0
208,2024-08-02 12:50:00+05:30,81200.0,81200.0,81200.0,81200.0,0,81283.89319021604,0.0,0.0,81200.0,81200.0,1.0
209,2024-08-02 12:55:00+05:30,81200.0,81200.0,81200.0,81200.0,0,81275.90336257641,0.0,0.0,81200.0,81200.0,1.0
210,2024-08-02 13:00:00+05:30,81200.0,81200.0,81200.0,81200.0,0,81268.67447090246,0.0,0.0,81200.0,81200.0,1.0
211,2024-08-02 13:05:00+05:30,81200.0,81200.0,81200.0,81200.0,70,81262.13404510223,0.0,0.0,81200.0,81200.0,1.0
212,2024-08-02 13:10:00+05:30,81200.0,81200.0,81200.0,81200.0,0,81256.21651699724,0.0,0.0,81200.0,81200.0,1.0
213,2024-08-02 13:15:00+05:30,81200.0,81200.0,81200.0,81200.0,0,81250.8625629975,0.0,0.0,81200.0,81200.0,1.0
214,2024-08-02 13:20:00+05:30,81200.0,81200.0,81200.0,81200.0,30,81246.01850937869,0.0,0.0,81200.0,81200.0,1.0
215,2024-08-02 13:25:00+05:30,81200.0,81200.0,81180.0,81180.0,10,81239.73103229499,20.0,40.0,81180.0,81220.0,1.0
216,2024-08-02 13:30:00+05:30,81180.0,81201.0,81180.0,81201.0,20,81236.0423625526,21.0,42.0,81201.0,81220.0,1.0
217,2024-08-02 13:35:00+05:30,81201.0,81230.0,81201.0,81230.0,30,81235.46689945235,29.0,58.0,81230.0,81172.0,1.0
218,2024-08-02 13:40:00+05:30,81230.0,81230.0,81230.0,81230.0,0,81234.94624236165,0.0,0.0,81230.0,81230.0,1.0
219,2024-08-02 13:45:00+05:30,81230.0,81378.9,81230.0,81378.9,20,81248.65612404149,148.89999999999418,297.79999999998836,81378.9,81081.1,1.0
220,2024-08-02 13:50:00+05:30,81378.9,81378.9,81310.0,81310.0,10,81254.4983979423,68.89999999999418,137.79999999998836,81310.0,81172.20000000001,1.0
221,2024-08-02 13:55:00+05:30,81310.0,81378.9,81207.3,81378.9,90,81266.34616956684,171.59999999999127,343.19999999998254,81378.9,81172.20000000001,1.0
222,2024-08-02 14:00:00+05:30,81378.9,81378.9,81332.6,81332.6,10,81272.65605817952,46.29999999998836,92.59999999997672,81332.6,81240.00000000003,1.0
223,2024-08-02 14:05:00+05:30,81332.6,81332.6,81270.0,81270.0,220,81272.40310025767,62.60000000000582,125.20000000001164,81270.0,81240.00000000003,1.0
224,2024-08-02 14:10:00+05:30,81270.0,81270.0,81245.35,81245.35,10,81269.82661451884,24.64999999999418,49.29999999998836,81245.35,81240.00000000003,1.0
225,2024-08-02 14:15:00+05:30,81245.35,81245.35,81200.0,81200.0,30,81263.17646075513,45.35000000000582,90.70000000001164,81200.0,81290.70000000001,-1.0
226,2024-08-02 14:20:00+05:30,81200.0,81200.0,81200.0,81200.0,0,81257.15965496893,0.0,0.0,81200.0,81200.0,-1.0
227,2024-08-02 14:25:00+05:30,81200.0,81200.1,81200.0,81200.1,10,81251.72540211474,0.10000000000582077,0.20000000001164153,81200.1,81199.9,-1.0
228,2024-08-02 14:30:00+05:30,81200.1,81242.6,81200.0,81200.0,40,81246.7991733419,42.60000000000582,85.20000000001164,81200.0,81199.9,-1.0
229,2024-08-02 14:35:00+05:30,81200.0,81200.0,81140.0,81140.0,50,81236.62782349982,60.0,120.0,81140.0,81260.0,-1.0
230,2024-08-02 14:40:00+05:30,81140.0,81140.0,81140.0,81140.0,0,81227.4251736427,0.0,0.0,81140.0,81140.0,-1.0
231,2024-08-02 14:45:00+05:30,81140.0,81140.0,81081.0,81100.0,300,81215.28944281959,59.0,118.0,81100.0,81218.0,-1.0
232,2024-08-02 14:50:00+05:30,81100.0,81129.05,81050.0,81100.0,110,81204.30949588439,79.05000000000291,158.10000000000582,81100.0,81218.0,-1.0
233,2024-08-02 14:55:00+05:30,81100.0,81100.0,81049.95,81049.95,10,81189.60859151444,50.05000000000291,100.10000000000582,81049.95,81150.05,-1.0
234,2024-08-02 15:00:00+05:30,81049.95,81050.0,80998.0,80998.0,200,81171.36015422734,52.0,104.0,80998.0,81102.0,-1.0
235,2024-08-02 15:05:00+05:30,80998.0,81099.85,80998.0,81099.85,50,81164.54966334855,101.85000000000582,203.70000000001164,81099.85,81102.0,-1.0
236,2024-08-02 15:10:00+05:30,81000.15,81081.2,81000.15,81081.2,20,81156.61160017249,99.70000000001164,199.40000000002328,81081.2,81102.0,-1.0
237,2024-08-02 15:15:00+05:30,81081.2,81081.2,81081.0,81081.0,20,81149.41049539416,0.19999999999708962,0.39999999999417923,81081.0,81081.4,-1.0
238,2024-08-02 15:20:00+05:30,81081.0,81081.0,81012.45,81020.25,60,81137.10949583282,68.55000000000291,137.10000000000582,81020.25,81081.4,-1.0
239,2024-08-02 15:25:00+05:30,81020.25,81030.0,80998.0,80998.0,20,81123.86097242017,32.0,64.0,80998.0,81062.0,-1.0
240,2024-08-05 09:15:00+05:30,80456.65,80456.65,79820.5,79830.0,160,81000.63611790397,1177.5,2355.0,79830.0,81062.0,-1.0
241,2024-08-05 09:20:00+05:30,79830.0,79830.0,79691.5,79711.5,180,80877.86124953217,138.5,277.0,79711.5,79988.5,-1.0
242,2024-08-05 09:25:00+05:30,79711.5,79711.5,79600.0,79600.0,30,80756.16017814816,111.5,223.0,79600.0,79823.0,-1.0
243,2024-08-05 09:30:00+05:30,79600.0,79600.1,79600.0,79600.1,110,80646.05920880071,0.10000000000582077,0.20000000001164153,79600.1,79600.30000000002,-1.0
244,2024-08-05 09:35:00+05:30,79600.1,79650.0,79600.1,79650.0,10,80551.19642701017,49.89999999999418,99.79999999998836,79650.0,79550.20000000001,1.0
245,2024-08-05 09:40:00+05:30,79650.0,79825.1,79650.0,79825.1,190,80482.04438634253,175.10000000000582,350.20000000001164,79825.1,79550.20000000001,1.0
246,2024-08-05 09:45:00+05:30,79825.1,79825.1,79808.05,79808.05,110,80417.85444478609,17.05000000000291,34.10000000000582,79808.05,79773.95,1.0
247,2024-08-05 09:50:00+05:30,79808.05,79808.05,79750.05,79750.05,10,80354.25402147314,58.0,116.0,79750.05,79866.05,-1.0
248,2024-08-05 09:55:00+05:30,79750.05,80000.05,79750.05,80000.0,300,80320.5155432376,250.0,500.0,80000.0,79500.0,1.0
249,2024-08-05 10:00:00+05:30,80000.0,80000.0,79945.75,79945.75,30,80284.82358673878,54.25,108.5,79945.75,79837.25,1.0
250,2024-08-05 10:05:00+05:30,79945.75,79945.75,79802.0,79802.0,40,80238.84038800176,143.75,287.5,79802.0,80089.5,-1.0
251,2024-08-05 10:10:00+05:30,79802.0,79802.0,79802.0,79802.0,0,80197.2365415254,0.0,0.0,79802.0,79802.0,-1.0
252,2024-08-05 10:15:00+05:30,79802.0,79802.0,79802.0,79802.0,0,80159.59496614203,0.0,0.0,79802.0,79802.0,-1.0
253,2024-08-05 10:20:00+05:30,79802.0,79802.0,79760.0,79760.0,30,80121.53830269993,42.0,84.0,79760.0,79844.0,-1.0
254,2024-08-05 10:25:00+05:30,79760.0,79790.0,79750.0,79790.0,150,80089.96322625232,40.0,80.0,79790.0,79844.0,-1.0
255,2024-08-05 10:30:00+05:30,79790.0,79790.0,79750.0,79751.25,110,80057.70482375211,40.0,80.0,79751.25,79831.25,-1.0
256,2024-08-05 10:35:00+05:30,79751.25,79751.25,79680.0,79680.0,20,80021.73293577573,71.25,142.5,79680.0,79822.5,-1.0
257,2024-08-05 10:40:00+05:30,79680.0,79680.0,79600.0,79600.0,40,79981.56789427328,80.0,160.0,79600.0,79760.0,-1.0
258,2024-08-05 10:45:00+05:30,79600.0,79600.0,79400.0,79400.0,230,79926.18047577106,200.0,400.0,79400.0,79760.0,-1.0
259,2024-08-05 10:50:00+05:30,79400.0,79400.25,79200.0,79200.0,70,79857.02043045954,200.25,400.5,79200.0,79600.5,-1.0
260,2024-08-05 10:55:00+05:30,79200.0,79213.55,79200.0,79201.0,20,79794.54229422529,13.55000000000291,27.10000000000582,79201.0,79228.1,-1.0
261,2024-08-05 11:00:00+05:30,79201.0,79250.5,79024.4,79042.95,40,79722.96207572764,226.10000000000582,452.20000000001164,79042.95,79228.1,-1.0
262,2024-08-05 11:05:00+05:30,79042.95,79199.1,79042.95,79100.0,30,79663.63235422976,156.15000000000873,312.30000000001746,79100.0,79228.1,-1.0
263,2024-08-05 11:10:00+05:30,79100.0,79100.0,79000.0,79000.0,80,79600.42927287455,100.0,200.0,79000.0,79200.0,-1.0
264,2024-08-05 11:15:00+05:30,79000.0,79000.0,78900.05,78921.0,20,79535.72172307697,99.94999999999709,199.89999999999418,78921.0,79120.9,-1.0
265,2024-08-05 11:20:00+05:30,78921.0,78921.0,78600.0,78600.0,100,79446.60536849822,321.0,642.0,78600.0,79120.9,-1.0
266,2024-08-05 11:25:00+05:30,78600.0,78998.7,78600.0,78998.7,10,79403.94771435554,398.6999999999971,797.3999999999942,78998.7,79120.9,-1.0
267,2024-08-05 11:30:00+05:30,78998.7,79000.0,78925.2,78925.2,20,79358.35269394073,74.80000000000291,149.60000000000582,78925.2,79074.8,-1.0
268,2024-08-05 11:35:00+05:30,78925.2,78925.2,78906.35,78906.35,30,79315.30481832732,18.84999999999127,37.69999999998254,78906.35,78944.04999999999,-1.0
269,2024-08-05 11:40:00+05:30,78906.35,79010.0,78906.35,79010.0,20,79286.22816896281,103.64999999999418,207.29999999998836,79010.0,78802.70000000001,1.0
270,2024-08-05 11:45:00+05:30,79010.0,79010.0,79010.0,79010.0,0,79259.92072429969,0.0,0.0,79010.0,79010.0,1.0
271,2024-08-05 11:50:00+05:30,79010.0,79010.0,79010.0,79010.0,0,79236.11875055687,0.0,0.0,79010.0,79010.0,1.0
272,2024-08-05 11:55:00+05:30,79010.0,79010.0,79009.3,79009.3,30,79214.51696478955,0.6999999999970896,1.3999999999941792,79009.3,79010.7,1.0
273,2024-08-05 12:00:00+05:30,79009.3,79009.3,79009.3,79009.3,0,79194.97249195246,0.0,0.0,79009.3,79009.3,1.0
274,2024-08-05 12:05:00+05:30,79009.3,79009.3,78870.0,78870.0,10,79164.02273081412,139.3000000000029,278.6000000000058,78870.0,79148.6,1.0
275,2024-08-05 12:10:00+05:30,78870.0,78870.0,78870.0,78870.0,0,79136.02056597467,0.0,0.0,78870.0,78870.0,1.0
276,2024-08-05 12:15:00+05:30,78870.0,78930.25,78870.0,78930.25,10,79116.42336921519,60.25,120.5,78930.25,78809.75,1.0
277,2024-08-05 12:20:00+05:30,78930.25,78930.25,78930.25,78930.25,0,79098.69257214708,0.0,0.0,78930.25,78930.25,1.0
278,2024-08-05 12:25:00+05:30,78930.25,78980.0,78930.25,78980.0,10,79087.38851765689,49.75,99.5,78980.0,78880.5,1.0
279,2024-08-05 12:30:00+05:30,78980.0,78980.0,78800.05,78938.7,50,79073.22770645146,179.9499999999971,359.8999999999942,78938.7,78880.5,1.0
280,2024-08-05 12:35:00+05:30,78938.7,78938.7,78770.0,78770.0,20,79044.34887726561,168.6999999999971,337.3999999999942,78770.0,79107.4,-1.0
281,2024-08-05 12:40:00+05:30,78770.0,78770.0,78750.05,78750.05,10,79016.32041276412,19.94999999999709,39.89999999999418,78750.05,78789.95,-1.0
282,2024-08-05 12:45:00+05:30,78750.05,78750.05,78750.05,78750.05,0,78990.96132583421,0.0,0.0,78750.05,78750.05,-1.0
283,2024-08-05 12:50:00+05:30,78750.05,78906.4,78750.05,78906.4,10,78982.90786623096,156.34999999999127,312.69999999998254,78906.4,78593.70000000001,-1.0
284,2024-08-05 12:55:00+05:30,78906.4,78906.4,78750.0,78750.0,20,78960.72616468515,156.39999999999418,312.79999999998836,78750.0,78593.70000000001,-1.0
285,2024-08-05 13:00:00+05:30,78750.0,78750.0,78750.0,78750.0,0,78940.65700614371,0.0,0.0,78750.0,78750.0,-1.0
286,2024-08-05 13:05:00+05:30,78750.0,78750.0,78750.0,78750.0,0,78922.49919603478,0.0,0.0,78750.0,78750.0,-1.0
287,2024-08-05 13:10:00+05:30,78750.0,78900.0,78750.0,78900.0,10,78920.35641546003,150.0,300.0,78900.0,78600.0,-1.0
288,2024-08-05 13:15:00+05:30,78900.0,79089.0,78900.0,79089.0,10,78936.41770922575,189.0,378.0,79089.0,78711.0,-1.0
289,2024-08-05 13:20:00+05:30,79089.0,79089.0,79009.0,79009.0,20,78943.33030834711,80.0,160.0,79009.0,78849.0,-1.0
290,2024-08-05 13:25:00+05:30,79009.0,79009.0,79009.0,79009.0,0,78949.584564695,0.0,0.0,79009.0,79009.0,-1.0
291,2024-08-05 13:30:00+05:30,79009.0,79009.0,79009.0,79009.0,0,78955.2431775812,0.0,0.0,79009.0,79009.0,-1.0
292,2024-08-05 13:35:00+05:30,79009.0,79100.0,79009.0,79100.0,10,78969.02954162109,91.0,182.0,79100.0,78918.0,-1.0
293,2024-08-05 13:40:00+05:30,79100.0,79200.0,79100.0,79200.0,10,78991.02672813337,100.0,200.0,79200.0,79000.0,-1.0
294,2024-08-05 13:45:00+05:30,79200.0,79200.0,79200.0,79200.0,0,79010.92894450162,0.0,0.0,79200.0,79200.0,-1.0
295,2024-08-05 13:50:00+05:30,79200.0,79250.0,79200.0,79250.0,20,79033.69761645385,50.0,100.0,79250.0,79150.0,-1.0
296,2024-08-05 13:55:00+05:30,79250.0,79300.0,79250.0,79300.0,10,79059.05974822014,50.0,100.0,79300.0,79200.0,-1.0
297,2024-08-05 14:00:00+05:30,79300.0,79300.0,79199.95,79199.95,10,79072.47786743726,100.05000000000291,200.10000000000582,79199.95,79400.05,-1.0
298,2024-08-05 14:05:00+05:30,79199.95,79199.95,79199.95,79199.95,0,79084.61807053848,0.0,0.0,79199.95,79199.95,-1.0
299,2024-08-05 14:10:00+05:30,79199.95,79199.95,79199.95,79199.95,0,79095.60206382052,0.0,0.0,79199.95,79199.95,-1.0
300,2024-08-05 14:15:00+05:30,79199.95,79199.95,79199.95,79199.95,0,79105.53996250428,0.0,0.0,79199.95,79199.95,-1.0
301,2024-08-05 14:20:00+05:30,79199.95,79199.95,79100.0,79100.0,10,79105.01234702767,99.94999999999709,199.89999999999418,79100.0,79299.9,-1.0
302,2024-08-05 14:25:00+05:30,79100.0,79100.0,79000.0,79000.0,10,79095.01117112028,100.0,200.0,79000.0,79200.0,-1.0
303,2024-08-05 14:30:00+05:30,79000.0,79000.0,79000.0,79000.0,0,79085.96248815644,0.0,0.0,79000.0,79000.0,-1.0
304,2024-08-05 14:35:00+05:30,79000.0,79000.0,79000.0,79000.0,0,79077.77558452249,0.0,0.0,79000.0,79000.0,-1.0
305,2024-08-05 14:40:00+05:30,79000.0,79000.0,79000.0,79000.0,0,79070.36838599654,0.0,0.0,79000.0,79000.0,-1.0
306,2024-08-05 14:45:00+05:30,79000.0,79000.0,79000.0,79000.0,0,79063.66663494926,0.0,0.0,79000.0,79000.0,-1.0
307,2024-08-05 14:50:00+05:30,79000.0,79200.0,79000.0,79200.0,30,79076.65076495409,200.0,400.0,79200.0,78800.0,-1.0
308,2024-08-05 14:55:00+05:30,79200.0,79200.0,79111.4,79111.4,20,79079.96021591083,88.60000000000582,177.20000000001164,79111.4,78934.19999999998,-1.0
309,2024-08-05 15:00:00+05:30,79111.4,79216.45,79111.4,79216.45,10,79092.95924296694,105.05000000000291,210.10000000000582,79216.45,79006.34999999999,-1.0
310,2024-08-05 15:05:00+05:30,79216.45,79216.45,79100.0,79100.0,30,79093.62979125581,116.44999999999709,232.89999999999418,79100.0,79006.34999999999,-1.0
311,2024-08-05 15:10:00+05:30,79100.0,79100.0,79000.0,79100.0,80,79094.23647780287,100.0,200.0,79100.0,79006.34999999999,-1.0
312,2024-08-05 15:15:00+05:30,79100.0,79100.05,79100.0,79100.05,10,79094.79014658356,0.05000000000291038,0.10000000000582077,79100.05,79099.95,-1.0
313,2024-08-05 15:20:00+05:30,79100.05,79149.65,79040.15,79149.65,70,79100.014894528,109.5,219.0,79149.65,79099.95,-1.0
314,2024-08-05 15:25:00+05:30,79149.65,79149.65,79068.6,79120.0,30,79101.91823790628,81.04999999998836,162.09999999997672,79120.0,79099.95,-1.0
315,2024-08-06 09:15:00+05:30,79425.0,79990.0,79425.0,79950.0,110,79182.68792953425,870.0,1740.0,79950.0,79099.95,-1.0
316,2024-08-06 09:20:00+05:30,79950.0,80039.75,79900.0,79936.9,170,79254.517650531,139.75,279.5,79936.9,79657.4,-1.0
317,2024-08-06 09:25:00+05:30,79936.9,79936.9,79936.9,79936.9,0,79319.50644571852,0.0,0.0,79936.9,79936.9,-1.0
318,2024-08-06 09:30:00+05:30,79936.9,79990.0,79936.9,79990.0,10,79383.36297469771,53.10000000000582,106.20000000001164,79990.0,79883.79999999999,-1.0
319,2024-08-06 09:35:00+05:30,79990.0,79990.0,79915.35,79915.35,10,79434.0284056789,74.64999999999418,149.29999999998836,79915.35,79883.79999999999,-1.0
320,2024-08-06 09:40:00+05:30,79915.35,79915.35,79717.0,79717.0,330,79460.97808132852,198.35000000000582,396.70000000001164,79717.0,80113.70000000001,-1.0
321,2024-08-06 09:45:00+05:30,79717.0,79860.0,79717.0,79860.0,20,79498.98016882104,143.0,286.0,79860.0,80113.70000000001,-1.0
322,2024-08-06 09:50:00+05:30,79860.0,79860.0,79810.0,79810.0,20,79528.6011051238,50.0,100.0,79810.0,79910.0,-1.0
323,2024-08-06 09:55:00+05:30,79810.0,79900.0,79810.0,79900.0,10,79563.97242844536,90.0,180.0,79900.0,79910.0,-1.0
324,2024-08-06 10:00:00+05:30,79900.0,79900.0,79900.0,79900.0,0,79595.9750543077,0.0,0.0,79900.0,79900.0,-1.0
325,2024-08-06 10:05:00+05:30,79900.0,79900.0,79810.0,79810.0,20,79616.35838246887,90.0,180.0,79810.0,79990.0,-1.0
326,2024-08-06 10:10:00+05:30,79810.0,79810.0,79710.0,79710.0,30,79625.27663175754,100.0,200.0,79710.0,79910.0,-1.0
327,2024-08-06 10:15:00+05:30,79710.0,79710.0,79710.0,79710.0,0,79633.3455239711,0.0,0.0,79710.0,79710.0,-1.0
328,2024-08-06 10:20:00+05:30,79710.0,79710.0,79600.0,79600.0,20,79630.16975978338,110.0,220.0,79600.0,79820.0,-1.0
329,2024-08-06 10:25:00+05:30,79600.0,79600.0,79550.0,79550.0,80,79622.53454456592,50.0,100.0,79550.0,79650.0,-1.0
330,2024-08-06 10:30:00+05:30,79550.0,79550.0,79476.5,79476.5,10,79608.62649270249,73.5,147.0,79476.5,79623.5,-1.0
331,2024-08-06 10:35:00+05:30,79476.5,79476.5,79325.0,79325.0,40,79581.61444577845,151.5,303.0,79325.0,79623.5,-1.0
332,2024-08-06 10:40:00+05:30,79325.0,79325.0,79325.0,79325.0,0,79557.17497475194,0.0,0.0,79325.0,79325.0,-1.0
333,2024-08-06 10:45:00+05:30,79325.0,79325.0,79325.0,79325.0,0,79535.06307239461,0.0,0.0,79325.0,79325.0,-1.0
334,2024-08-06 10:50:00+05:30,79325.0,79325.0,79325.0,79325.0,0,79515.05706549989,0.0,0.0,79325.0,79325.0,-1.0
335,2024-08-06 10:55:00+05:30,79325.0,79325.0,79325.0,79325.0,0,79496.95639259514,0.0,0.0,79325.0,79325.0,-1.0
336,2024-08-06 11:00:00+05:30,79325.0,79325.0,79325.0,79325.0,0,79480.57959330037,0.0,0.0,79325.0,79325.0,-1.0
337,2024-08-06 11:05:00+05:30,79325.0,79325.0,79325.0,79325.0,0,79465.76248917653,0.0,0.0,79325.0,79325.0,-1.0
338,2024-08-06 11:10:00+05:30,79325.0,79325.0,79325.0,79325.0,0,79452.35653782639,0.0,0.0,79325.0,79325.0,-1.0
339,2024-08-06 11:15:00+05:30,79325.0,79650.0,79325.0,79650.0,10,79471.17972470006,325.0,650.0,79650.0,79000.0,-1.0
340,2024-08-06 11:20:00+05:30,79650.0,79650.0,79650.0,79650.0,0,79488.2102271096,0.0,0.0,79650.0,79650.0,-1.0
341,2024-08-06 11:25:00+05:30,79650.0,79650.0,79650.0,79650.0,0,79503.61877690868,0.0,0.0,79650.0,79650.0,-1.0
342,2024-08-06 11:30:00+05:30,79650.0,79650.0,79650.0,79650.0,0,79517.55984577452,0.0,0.0,79650.0,79650.0,-1.0
343,2024-08-06 11:35:00+05:30,79650.0,79650.0,79650.0,79650.0,0,79530.173193796,0.0,0.0,79650.0,79650.0,-1.0
344,2024-08-06 11:40:00+05:30,79650.0,79650.0,79650.0,79650.0,0,79541.58527057734,0.0,0.0,79650.0,79650.0,-1.0
345,2024-08-06 11:45:00+05:30,79650.0,79650.0,79650.0,79650.0,0,79551.91048290332,0.0,0.0,79650.0,79650.0,-1.0
346,2024-08-06 11:50:00+05:30,79650.0,79650.0,79650.0,79650.0,0,79561.25234167444,0.0,0.0,79650.0,79650.0,-1.0
347,2024-08-06 11:55:00+05:30,79650.0,79650.0,79650.0,79650.0,0,79569.7044996102,0.0,0.0,79650.0,79650.0,-1.0
348,2024-08-06 12:00:00+05:30,79650.0,79650.0,79650.0,79650.0,0,79577.35169012353,0.0,0.0,79650.0,79650.0,-1.0
349,2024-08-06 12:05:00+05:30,79650.0,79650.0,79650.0,79650.0,0,79584.27057677844,0.0,0.0,79650.0,79650.0,-1.0
350,2024-08-06 12:10:00+05:30,79650.0,79650.0,79650.0,79650.0,0,79590.53052184716,0.0,0.0,79650.0,79650.0,-1.0
351,2024-08-06 12:15:00+05:30,79650.0,79650.0,79550.0,79550.0,10,79586.67047214742,100.0,200.0,79550.0,79750.0,-1.0
352,2024-08-06 12:20:00+05:30,79550.0,79550.0,79550.0,79550.0,0,79583.17804622863,0.0,0.0,79550.0,79550.0,-1.0
353,2024-08-06 12:25:00+05:30,79550.0,79550.0,79550.0,79550.0,10,79580.01823230209,0.0,0.0,79550.0,79550.0,-1.0
354,2024-08-06 12:30:00+05:30,79550.0,79550.0,79550.0,79550.0,0,79577.15935303521,0.0,0.0,79550.0,79550.0,-1.0
355,2024-08-06 12:35:00+05:30,79550.0,79550.0,79550.0,79550.0,0,79574.57274798423,0.0,0.0,79550.0,79550.0,-1.0
356,2024-08-06 12:40:00+05:30,79550.0,79550.0,79550.0,79550.0,0,79572.23248627144,0.0,0.0,79550.0,79550.0,-1.0
357,2024-08-06 12:45:00+05:30,79550.0,79550.0,79550.0,79550.0,0,79570.11510662654,0.0,0.0,79550.0,79550.0,-1.0
358,2024-08-06 12:50:00+05:30,79550.0,79550.0,79550.0,79550.0,0,79568.19938218592,0.0,0.0,79550.0,79550.0,-1.0
359,2024-08-06 12:55:00+05:30,79550.0,79550.0,79550.0,79550.0,0,79566.46610769202,0.0,0.0,79550.0,79550.0,-1.0
360,2024-08-06 13:00:00+05:30,79550.0,79550.0,79550.0,79550.0,0,79564.89790695944,0.0,0.0,79550.0,79550.0,-1.0
361,2024-08-06 13:05:00+05:30,79550.0,79550.0,79550.0,79550.0,0,79563.47905867758,0.0,0.0,79550.0,79550.0,-1.0
362,2024-08-06 13:10:00+05:30,79550.0,79550.0,79550.0,79550.0,0,79562.19533880352,0.0,0.0,79550.0,79550.0,-1.0
363,2024-08-06 13:15:00+05:30,79550.0,79550.0,79550.0,79550.0,0,79561.03387796509,0.0,0.0,79550.0,79550.0,-1.0
364,2024-08-06 13:20:00+05:30,79550.0,79550.0,79290.0,79290.0,10,79535.2211276827,260.0,520.0,79290.0,79810.0,-1.0
365,2024-08-06 13:25:00+05:30,79290.0,79423.85,79290.0,79423.85,10,79524.61435361768,133.85000000000582,267.70000000001164,79423.85,79691.55000000002,-1.0
366,2024-08-06 13:30:00+05:30,79423.85,79423.85,79423.85,79423.85,0,79515.01774851124,0.0,0.0,79423.85,79423.85,-1.0
367,2024-08-06 13:35:00+05:30,79423.85,79423.85,79158.35,79158.35,10,79481.04939151015,265.5,531.0,79158.35,79689.35,-1.0
368,2024-08-06 13:40:00+05:30,79158.35,79158.35,79075.0,79075.0,20,79442.37802089014,83.35000000000582,166.70000000001164,79075.0,79241.70000000001,-1.0
369,2024-08-06 13:45:00+05:30,79075.0,79085.0,78997.25,78997.25,40,79399.98487604347,87.75,175.5,78997.25,79172.75,-1.0
370,2024-08-06 13:50:00+05:30,78997.25,79164.3,78997.25,79164.3,20,79377.53869737266,167.0500000000029,334.1000000000058,79164.3,79172.75,-1.0
371,2024-08-06 13:55:00+05:30,79164.3,79164.3,79164.3,79164.3,10,79357.23025000382,0.0,0.0,79164.3,79164.3,-1.0
372,2024-08-06 14:00:00+05:30,79164.3,79164.3,79164.3,79164.3,0,79338.85594047964,0.0,0.0,79164.3,79164.3,-1.0
373,2024-08-06 14:05:00+05:30,79164.3,79164.3,79164.3,79164.3,0,79322.23156519586,0.0,0.0,79164.3,79164.3,-1.0
374,2024-08-06 14:10:00+05:30,79164.3,79164.3,78997.25,78997.25,20,79291.28093993911,167.0500000000029,334.1000000000058,78997.25,79331.35,-1.0
375,2024-08-06 14:15:00+05:30,78997.25,78997.25,78997.25,78997.25,0,79263.27799327824,0.0,0.0,78997.25,78997.25,-1.0
376,2024-08-06 14:20:00+05:30,78997.25,78997.25,78997.25,78997.25,0,79237.94199391842,0.0,0.0,78997.25,78997.25,-1.0
377,2024-08-06 14:25:00+05:30,78997.25,78997.25,78997.25,78997.25,0,79215.01894687857,0.0,0.0,78997.25,78997.25,-1.0
378,2024-08-06 14:30:00+05:30,78997.25,79000.0,78997.25,79000.0,10,79194.54095193776,2.75,5.5,79000.0,78994.5,-1.0
379,2024-08-06 14:35:00+05:30,79000.0,79000.0,79000.0,79000.0,0,79176.0132422294,0.0,0.0,79000.0,79000.0,-1.0
380,2024-08-06 14:40:00+05:30,79000.0,79000.0,79000.0,79000.0,0,79159.2500763028,0.0,0.0,79000.0,79000.0,-1.0
381,2024-08-06 14:45:00+05:30,79000.0,79000.0,79000.0,79000.0,0,79144.0834023692,0.0,0.0,79000.0,79000.0,-1.0
382,2024-08-06 14:50:00+05:30,79000.0,79000.0,78920.0,78920.0,20,79122.74212595308,80.0,160.0,78920.0,79080.0,-1.0
383,2024-08-06 14:55:00+05:30,78920.0,78965.15,78920.0,78965.15,10,79107.73335205279,45.14999999999418,90.29999999998836,78965.15,79055.44999999998,-1.0
384,2024-08-06 15:00:00+05:30,78965.15,78965.15,78965.15,78965.15,0,79094.15398519063,0.0,0.0,78965.15,78965.15,-1.0
385,2024-08-06 15:05:00+05:30,78965.15,78980.0,78960.0,78960.0,40,79081.37741517248,20.0,40.0,78960.0,79000.0,-1.0
386,2024-08-06 15:10:00+05:30,78960.0,78960.0,78960.0,78960.0,0,79069.81766134653,0.0,0.0,78960.0,78960.0,-1.0
387,2024-08-06 15:15:00+05:30,78960.0,78960.0,78960.0,78960.0,0,79059.35883645639,0.0,0.0,78960.0,78960.0,-1.0
388,2024-08-06 15:20:00+05:30,78960.0,79108.1,78960.0,79095.95,20,79062.84370917482,148.10000000000582,296.20000000001164,79095.95,78799.74999999999,-1.0
389,2024-08-06 15:25:00+05:30,79095.95,79154.1,79007.75,79150.0,230,79071.14430830102,146.35000000000582,292.70000000001164,79150.0,78857.29999999999,-1.0
390,2024-08-07 09:15:00+05:30,79575.0,80593.6,79575.0,79880.0,230,79148.17818370093,1443.6000000000058,2887.2000000000116,79880.0,78857.29999999999,-1.0
391,2024-08-07 09:20:00+05:30,79880.0,79880.0,79850.0,79850.0,30,79215.0183566818,30.0,60.0,79850.0,79790.0,-1.0
392,2024-08-07 09:25:00+05:30,79850.0,79850.0,79741.0,79741.0,30,79265.11184652163,109.0,218.0,79741.0,79959.0,-1.0
393,2024-08-07 09:30:00+05:30,79741.0,79741.0,79741.0,79741.0,0,79310.43452780528,0.0,0.0,79741.0,79741.0,-1.0
394,2024-08-07 09:35:00+05:30,79741.0,79741.0,79611.0,79611.0,30,79339.05981087145,130.0,260.0,79611.0,79871.0,-1.0
395,2024-08-07 09:40:00+05:30,79611.0,79611.0,79611.0,79611.0,0,79364.95887650274,0.0,0.0,79611.0,79611.0,-1.0
396,2024-08-07 09:45:00+05:30,79611.0,79611.0,79611.0,79611.0,0,79388.39136445486,0.0,0.0,79611.0,79611.0,-1.0
397,2024-08-07 09:50:00+05:30,79611.0,79611.0,79611.0,79611.0,0,79409.59218688773,0.0,0.0,79611.0,79611.0,-1.0
398,2024-08-07 09:55:00+05:30,79611.0,79611.0,79611.0,79611.0,0,79428.77388337461,0.0,0.0,79611.0,79611.0,-1.0
399,2024-08-07 10:00:00+05:30,79611.0,79611.0,79600.0,79600.0,10,79445.08113257703,11.0,22.0,79600.0,79622.0,-1.0
400,2024-08-07 10:05:00+05:30,79600.0,79600.0,79501.0,79501.0,10,79450.40673899828,99.0,198.0,79501.0,79622.0,-1.0
401,2024-08-07 10:10:00+05:30,79501.0,79501.0,79501.0,79501.0,0,79455.22514480798,0.0,0.0,79501.0,79501.0,-1.0
402,2024-08-07 10:15:00+05:30,79501.0,79501.0,79501.0,79501.0,0,79459.58465482626,0.0,0.0,79501.0,79501.0,-1.0
403,2024-08-07 10:20:00+05:30,79501.0,79501.0,79501.0,79501.0,0,79463.52897341424,0.0,0.0,79501.0,79501.0,-1.0
404,2024-08-07 10:25:00+05:30,79501.0,79680.0,79500.0,79680.0,40,79484.14526166051,180.0,360.0,79680.0,79320.0,-1.0
405,2024-08-07 10:30:00+05:30,79680.0,79800.0,79680.0,79800.0,20,79514.22666531189,120.0,240.0,79800.0,79560.0,-1.0
406,2024-08-07 10:35:00+05:30,79800.0,79800.0,79800.0,79800.0,0,79541.44317337743,0.0,0.0,79800.0,79800.0,-1.0
407,2024-08-07 10:40:00+05:30,79800.0,79850.0,79800.0,79850.0,10,79570.82953781767,50.0,100.0,79850.0,79750.0,-1.0
408,2024-08-07 10:45:00+05:30,79850.0,79850.0,79825.8,79825.8,10,79595.11243897789,24.19999999999709,48.39999999999418,79825.8,79777.40000000001,-1.0
409,2024-08-07 10:50:00+05:30,79825.8,79825.8,79825.8,79825.8,0,79617.08268288475,0.0,0.0,79825.8,79825.8,-1.0
410,2024-08-07 10:55:00+05:30,79825.8,79825.8,79681.95,79681.95,10,79623.26052261001,143.85000000000582,287.70000000001164,79681.95,79969.65000000001,-1.0
411,2024-08-07 11:00:00+05:30,79681.95,79681.95,79681.95,79681.95,0,79628.84999664716,0.0,0.0,79681.95,79681.95,-1.0
412,2024-08-07 11:05:00+05:30,79681.95,79681.95,79681.95,79681.95,0,79633.90713982361,0.0,0.0,79681.95,79681.95,-1.0
413,2024-08-07 11:10:00+05:30,79681.95,79681.95,79681.95,79681.95,0,79638.4826503166,0.0,0.0,79681.95,79681.95,-1.0
414,2024-08-07 11:15:00+05:30,79681.95,79681.95,79575.25,79575.25,10,79632.46049314359,106.69999999999709,213.39999999999418,79575.25,79788.65,-1.0
415,2024-08-07 11:20:00+05:30,79575.25,79584.3,79575.25,79584.3,20,79627.87377951086,9.05000000000291,18.10000000000582,79584.3,79602.40000000001,-1.0
416,2024-08-07 11:25:00+05:30,79584.3,79584.3,79584.3,79584.3,0,79623.72389574791,0.0,0.0,79584.3,79584.3,-1.0
417,2024-08-07 11:30:00+05:30,79584.3,79584.3,79584.3,79584.3,0,79619.96923901001,0.0,0.0,79584.3,79584.3,-1.0
418,2024-08-07 11:35:00+05:30,79584.3,79584.3,79584.3,79584.3,0,79616.5721686281,0.0,0.0,79584.3,79584.3,-1.0
419,2024-08-07 11:40:00+05:30,79584.3,79584.3,79584.3,79584.3,0,79613.49862875875,0.0,0.0,79584.3,79584.3,-1.0
420,2024-08-07 11:45:00+05:30,79584.3,79584.3,79584.3,79584.3,10,79610.7178069722,0.0,0.0,79584.3,79584.3,-1.0
421,2024-08-07 11:50:00+05:30,79584.3,79584.3,79582.7,79582.7,20,79608.04944440341,1.6000000000058208,3.2000000000116415,79582.7,79585.90000000001,-1.0
422,2024-08-07 11:55:00+05:30,79582.7,79582.7,79582.7,79582.7,0,79605.63521160309,0.0,0.0,79582.7,79582.7,-1.0
423,2024-08-07 12:00:00+05:30,79582.7,79582.7,79582.7,79582.7,0,79603.45090573613,0.0,0.0,79582.7,79582.7,-1.0
424,2024-08-07 12:05:00+05:30,79582.7,79582.7,79582.7,79582.7,0,79601.47462899935,0.0,0.0,79582.7,79582.7,-1.0
425,2024-08-07 12:10:00+05:30,79582.7,79582.7,79582.7,79582.7,0,79599.68656909464,0.0,0.0,79582.7,79582.7,-1.0
426,2024-08-07 12:15:00+05:30,79582.7,79582.7,79582.7,79582.7,0,79598.06880060944,0.0,0.0,79582.7,79582.7,-1.0
427,2024-08-07 12:20:00+05:30,79582.7,79582.7,79582.7,79582.7,0,79596.6051053133,0.0,0.0,79582.7,79582.7,-1.0
428,2024-08-07 12:25:00+05:30,79582.7,79582.7,79582.7,79582.7,10,79595.28080956917,0.0,0.0,79582.7,79582.7,-1.0
429,2024-08-07 12:30:00+05:30,79582.7,79582.7,79582.7,79582.7,0,79594.08263722925,0.0,0.0,79582.7,79582.7,-1.0
430,2024-08-07 12:35:00+05:30,79582.7,79582.7,79582.7,79582.7,0,79592.99857654075,0.0,0.0,79582.7,79582.7,-1.0
431,2024-08-07 12:40:00+05:30,79582.7,79582.7,79582.7,79582.7,0,79592.01775972734,0.0,0.0,79582.7,79582.7,-1.0
432,2024-08-07 12:45:00+05:30,79582.7,79582.7,79582.7,79582.7,0,79591.13035403902,0.0,0.0,79582.7,79582.7,-1.0
433,2024-08-07 12:50:00+05:30,79582.7,79582.7,79451.0,79451.0,10,79577.7846060353,131.6999999999971,263.3999999999942,79451.0,79714.4,-1.0
434,2024-08-07 12:55:00+05:30,79451.0,79451.0,79451.0,79451.0,0,79565.709881651,0.0,0.0,79451.0,79451.0,-1.0
435,2024-08-07 13:00:00+05:30,79451.0,79451.0,79451.0,79451.0,0,79554.78513101758,0.0,0.0,79451.0,79451.0,-1.0
436,2024-08-07 13:05:00+05:30,79451.0,79451.0,79451.0,79451.0,0,79544.90083282543,0.0,0.0,79451.0,79451.0,-1.0
437,2024-08-07 13:10:00+05:30,79451.0,79451.0,79451.0,79451.0,0,79535.95789636587,0.0,0.0,79451.0,79451.0,-1.0
438,2024-08-07 13:15:00+05:30,79451.0,79451.0,79451.0,79451.0,0,79527.86666814056,0.0,0.0,79451.0,79451.0,-1.0
439,2024-08-07 13:20:00+05:30,79451.0,79451.0,79451.0,79451.0,0,79520.54603307956,0.0,0.0,79451.0,79451.0,-1.0
440,2024-08-07 13:25:00+05:30,79451.0,79451.0,79451.0,79451.0,0,79513.9226013577,0.0,0.0,79451.0,79451.0,-1.0
441,2024-08-07 13:30:00+05:30,79451.0,79451.0,79451.0,79451.0,0,79507.92997265697,0.0,0.0,79451.0,79451.0,-1.0
442,2024-08-07 13:35:00+05:30,79451.0,79451.0,79451.0,79451.0,0,79502.50807049917,0.0,0.0,79451.0,79451.0,-1.0
443,2024-08-07 13:40:00+05:30,79451.0,79451.0,79451.0,79451.0,0,79497.60253997544,0.0,0.0,79451.0,79451.0,-1.0
444,2024-08-07 13:45:00+05:30,79451.0,79451.0,79451.0,79451.0,0,79493.16420283493,0.0,0.0,79451.0,79451.0,-1.0
445,2024-08-07 13:50:00+05:30,79451.0,79693.9,79451.0,79693.9,10,79512.28189780304,242.89999999999418,485.79999999998836,79693.9,79208.1,-1.0
446,2024-08-07 13:55:00+05:30,79693.9,79693.9,79693.9,79693.9,0,79529.57885991703,0.0,0.0,79693.9,79693.9,-1.0
447,2024-08-07 14:00:00+05:30,79693.9,79693.9,79693.9,79693.9,0,79545.22849230589,0.0,0.0,79693.9,79693.9,-1.0
448,2024-08-07 14:05:00+05:30,79693.9,79693.9,79450.9,79450.9,20,79536.244826372,243.0,486.0,79450.9,79936.9,-1.0
449,2024-08-07 14:10:00+05:30,79450.9,79450.9,79450.9,79450.9,0,79528.1167476699,0.0,0.0,79450.9,79450.9,-1.0
450,2024-08-07 14:15:00+05:30,79450.9,79450.9,79450.9,79450.9,0,79520.76277170135,0.0,0.0,79450.9,79450.9,-1.0
451,2024-08-07 14:20:00+05:30,79450.9,79695.0,79450.9,79695.0,10,79537.35679344408,244.10000000000582,488.20000000001164,79695.0,79206.79999999999,-1.0
452,2024-08-07 14:25:00+05:30,79695.0,79695.0,79695.0,79695.0,0,79552.37043216369,0.0,0.0,79695.0,79695.0,-1.0
453,2024-08-07 14:30:00+05:30,79695.0,79774.7,79695.0,79774.7,10,79573.54467671954,79.69999999999709,159.39999999999418,79774.7,79615.3,-1.0
454,2024-08-07 14:35:00+05:30,79774.7,79774.7,79692.1,79692.1,250,79584.83565988911,82.59999999999127,165.19999999998254,79692.1,79615.3,-1.0
455,2024-08-07 14:40:00+05:30,79692.1,79692.1,79614.45,79651.05,30,79591.14178751872,77.65000000000873,155.30000000001746,79651.05,79615.3,-1.0
456,2024-08-07 14:45:00+05:30,79651.05,79651.05,79651.05,79651.05,0,79596.84733156455,0.0,0.0,79651.05,79651.05,-1.0
457,2024-08-07 14:50:00+05:30,79651.05,79651.05,79651.05,79651.05,0,79602.00949046317,0.0,0.0,79651.05,79651.05,-1.0
458,2024-08-07 14:55:00+05:30,79651.05,79651.05,79651.05,79651.05,0,79606.68001518096,0.0,0.0,79651.05,79651.05,-1.0
459,2024-08-07 15:00:00+05:30,79651.05,79651.05,79651.05,79651.05,0,79610.90572802087,0.0,0.0,79651.05,79651.05,-1.0
460,2024-08-07 15:05:00+05:30,79651.05,79651.05,79651.05,79651.05,0,79614.72899201888,0.0,0.0,79651.05,79651.05,-1.0
461,2024-08-07 15:10:00+05:30,79651.05,79807.95,79651.05,79807.95,40,79633.13099277898,156.89999999999418,313.79999999998836,79807.95,79494.15000000001,-1.0
462,2024-08-07 15:15:00+05:30,79807.95,79807.95,79807.95,79807.95,0,79649.78042203812,0.0,0.0,79807.95,79807.95,-1.0
463,2024-08-07 15:20:00+05:30,79807.95,79807.95,79807.95,79807.95,0,79664.84419136783,0.0,0.0,79807.95,79807.95,-1.0
464,2024-08-07 15:25:00+05:30,79807.95,79807.95,79807.95,79807.95,0,79678.47331599946,0.0,0.0,79807.95,79807.95,-1.0
465,2024-08-08 09:35:00+05:30,79500.0,79500.0,79500.0,79500.0,0,79661.47585733284,307.9499999999971,615.8999999999942,79500.0,80115.9,-1.0
466,2024-08-08 09:40:00+05:30,79500.0,79500.0,79500.0,79500.0,10,79646.09720425351,0.0,0.0,79500.0,79500.0,-1.0
467,2024-08-08 09:45:00+05:30,79500.0,79500.0,79500.0,79500.0,0,79632.18318480079,0.0,0.0,79500.0,79500.0,-1.0
468,2024-08-08 09:50:00+05:30,79500.0,79500.0,79500.0,79500.0,0,79619.59431005784,0.0,0.0,79500.0,79500.0,-1.0
469,2024-08-08 09:55:00+05:30,79500.0,79500.0,79500.0,79500.0,0,79608.20437576661,0.0,0.0,79500.0,79500.0,-1.0
470,2024-08-08 10:00:00+05:30,79500.0,79500.0,79500.0,79500.0,20,79597.89919712217,0.0,0.0,79500.0,79500.0,-1.0
471,2024-08-08 10:05:00+05:30,79500.0,79500.0,79250.0,79250.0,70,79564.7659402534,250.0,500.0,79250.0,79750.0,-1.0
472,2024-08-08 10:10:00+05:30,79250.0,79250.0,79250.0,79250.0,0,79534.78823165785,0.0,0.0,79250.0,79250.0,-1.0
473,2024-08-08 10:15:00+05:30,79250.0,79300.0,79250.0,79300.0,10,79512.42744769042,50.0,100.0,79300.0,79200.0,-1.0
474,2024-08-08 10:20:00+05:30,79300.0,79300.0,79300.0,79300.0,0,79492.1962621961,0.0,0.0,79300.0,79300.0,-1.0
475,2024-08-08 10:25:00+05:30,79300.0,79300.0,79300.0,79300.0,0,79473.89185627266,0.0,0.0,79300.0,79300.0,-1.0
476,2024-08-08 10:30:00+05:30,79300.0,79300.0,79300.0,79300.0,10,79457.33072710384,0.0,0.0,79300.0,79300.0,-1.0
477,2024-08-08 10:35:00+05:30,79300.0,79300.0,79300.0,79300.0,0,79442.34684833203,0.0,0.0,79300.0,79300.0,-1.0
478,2024-08-08 10:40:00+05:30,79300.0,79300.0,79300.0,79300.0,0,79428.79000563374,0.0,0.0,79300.0,79300.0,-1.0
479,2024-08-08 10:45:00+05:30,79300.0,79300.0,79300.0,79300.0,0,79416.52429081147,0.0,0.0,79300.0,79300.0,-1.0
480,2024-08-08 10:50:00+05:30,79300.0,79300.0,79300.0,79300.0,0,79405.42673930562,0.0,0.0,79300.0,79300.0,-1.0
481,2024-08-08 10:55:00+05:30,79300.0,79300.0,79300.0,79300.0,0,79395.38609746698,0.0,0.0,79300.0,79300.0,-1.0
482,2024-08-08 11:00:00+05:30,79300.0,79300.0,79300.0,79300.0,0,79386.30170723202,0.0,0.0,79300.0,79300.0,-1.0
483,2024-08-08 11:05:00+05:30,79300.0,79450.0,79300.0,79450.0,10,79392.36821130516,150.0,300.0,79450.0,79150.0,-1.0
484,2024-08-08 11:10:00+05:30,79450.0,79450.0,79450.0,79450.0,0,79397.85695308563,0.0,0.0,79450.0,79450.0,-1.0
485,2024-08-08 11:15:00+05:30,79450.0,79450.0,79450.0,79450.0,0,79402.82295755367,0.0,0.0,79450.0,79450.0,-1.0
486,2024-08-08 11:20:00+05:30,79450.0,79450.0,79450.0,79450.0,0,79407.31600921522,0.0,0.0,79450.0,79450.0,-1.0
487,2024-08-08 11:25:00+05:30,79450.0,79450.0,79450.0,79450.0,0,79411.38115119473,0.0,0.0,79450.0,79450.0,-1.0
488,2024-08-08 11:30:00+05:30,79450.0,79450.0,79450.0,79450.0,0,79415.05913679523,0.0,0.0,79450.0,79450.0,-1.0
489,2024-08-08 11:35:00+05:30,79450.0,79450.0,79450.0,79450.0,0,79418.38683805283,0.0,0.0,79450.0,79450.0,-1.0
490,2024-08-08 11:40:00+05:30,79450.0,79450.0,79450.0,79450.0,10,79421.39761538114,0.0,0.0,79450.0,79450.0,-1.0
491,2024-08-08 11:45:00+05:30,79450.0,79450.0,79450.0,79450.0,0,79424.12165201151,0.0,0.0,79450.0,79450.0,-1.0
492,2024-08-08 11:50:00+05:30,79450.0,79450.0,79450.0,79450.0,0,79426.58625658185,0.0,0.0,79450.0,79450.0,-1.0
493,2024-08-08 11:55:00+05:30,79450.0,79450.0,79450.0,79450.0,0,79428.8161369074,0.0,0.0,79450.0,79450.0,-1.0
494,2024-08-08 12:00:00+05:30,79450.0,79450.0,79450.0,79450.0,0,79430.83364767813,0.0,0.0,79450.0,79450.0,-1.0
495,2024-08-08 12:05:00+05:30,79450.0,79450.0,79450.0,79450.0,0,79432.65901456593,0.0,0.0,79450.0,79450.0,-1.0
496,2024-08-08 12:10:00+05:30,79450.0,79450.0,79450.0,79450.0,0,79434.31053698823,0.0,0.0,79450.0,79450.0,-1.0
497,2024-08-08 12:15:00+05:30,79450.0,79450.0,79450.0,79450.0,0,79435.80477156078,0.0,0.0,79450.0,79450.0,-1.0
498,2024-08-08 12:20:00+05:30,79450.0,79470.1,79450.0,79470.1,10,79439.07098379309,20.10000000000582,40.20000000001164,79470.1,79429.9,-1.0
499,2024-08-08 12:25:00+05:30,79470.1,79470.1,79470.1,79470.1,0,79442.02612819376,0.0,0.0,79470.1,79470.1,-1.0
500,2024-08-08 12:30:00+05:30,79470.1,79470.1,79470.1,79470.1,0,79444.69983027055,0.0,0.0,79470.1,79470.1,-1.0
501,2024-08-08 12:35:00+05:30,79470.1,79470.1,79470.1,79470.1,0,79447.1188940543,0.0,0.0,79470.1,79470.1,-1.0
502,2024-08-08 12:40:00+05:30,79470.1,79470.1,79470.1,79470.1,0,79449.30757081104,0.0,0.0,79470.1,79470.1,-1.0
503,2024-08-08 12:45:00+05:30,79470.1,79679.0,79470.1,79679.0,10,79471.1830402576,208.89999999999418,417.79999999998836,79679.0,79261.20000000001,-1.0
504,2024-08-08 12:50:00+05:30,79679.0,79679.0,79679.0,79679.0,0,79490.97513166163,0.0,0.0,79679.0,79679.0,-1.0
505,2024-08-08 12:55:00+05:30,79679.0,79679.0,79525.0,79525.0,10,79494.21559531291,154.0,308.0,79525.0,79833.0,-1.0
506,2024-08-08 13:00:00+05:30,79525.0,79525.0,79525.0,79525.0,0,79497.14744337836,0.0,0.0,79525.0,79525.0,-1.0
507,2024-08-08 13:05:00+05:30,79525.0,79525.0,79300.0,79300.0,10,79478.37149638994,225.0,450.0,79300.0,79750.0,-1.0
508,2024-08-08 13:10:00+05:30,79300.0,79300.0,79300.0,79300.0,0,79461.38373482898,0.0,0.0,79300.0,79300.0,-1.0
509,2024-08-08 13:15:00+05:30,79300.0,79300.0,79300.0,79300.0,0,79446.01385532145,0.0,0.0,79300.0,79300.0,-1.0
510,2024-08-08 13:20:00+05:30,79300.0,79315.0,79300.0,79315.0,20,79433.53634529084,15.0,30.0,79315.0,79285.0,-1.0
511,2024-08-08 13:25:00+05:30,79315.0,79414.05,79250.0,79250.0,40,79416.05669335838,164.0500000000029,328.1000000000058,79250.0,79578.1,-1.0
512,2024-08-08 13:30:00+05:30,79250.0,79250.0,79250.0,79250.0,10,79400.2417701814,0.0,0.0,79250.0,79250.0,-1.0
513,2024-08-08 13:35:00+05:30,79250.0,79250.0,79250.0,79250.0,0,79385.93303016413,0.0,0.0,79250.0,79250.0,-1.0
514,2024-08-08 13:40:00+05:30,79250.0,79250.0,79250.0,79250.0,0,79372.98702729137,0.0,0.0,79250.0,79250.0,-1.0
515,2024-08-08 13:45:00+05:30,79250.0,79250.0,79250.0,79250.0,0,79361.27397707314,0.0,0.0,79250.0,79250.0,-1.0
516,2024-08-08 13:50:00+05:30,79250.0,79250.0,79250.0,79250.0,0,79350.67645544713,0.0,0.0,79250.0,79250.0,-1.0
517,2024-08-08 13:55:00+05:30,79250.0,79250.0,79250.0,79250.0,0,79341.08822159503,0.0,0.0,79250.0,79250.0,-1.0
518,2024-08-08 14:00:00+05:30,79250.0,79261.9,79250.0,79261.9,10,79333.54648620503,11.89999999999418,23.79999999998836,79261.9,79238.1,-1.0
519,2024-08-08 14:05:00+05:30,79261.9,79261.9,79261.9,79261.9,0,79326.72301132836,0.0,0.0,79261.9,79261.9,-1.0
520,2024-08-08 14:10:00+05:30,79261.9,79261.9,79261.9,79261.9,0,79320.54939120186,0.0,0.0,79261.9,79261.9,-1.0
521,2024-08-08 14:15:00+05:30,79261.9,79261.9,79261.9,79261.9,0,79314.96373489693,0.0,0.0,79261.9,79261.9,-1.0
522,2024-08-08 14:20:00+05:30,79261.9,79261.9,79261.9,79261.9,0,79309.91004585913,0.0,0.0,79261.9,79261.9,-1.0
523,2024-08-08 14:25:00+05:30,79261.9,79398.6,79261.9,79261.9,40,79305.33766053921,136.70000000001164,273.4000000000233,79261.9,79535.30000000002,-1.0
524,2024-08-08 14:30:00+05:30,79261.9,79261.9,79261.9,79261.9,0,79301.20074048787,0.0,0.0,79261.9,79261.9,-1.0
525,2024-08-08 14:35:00+05:30,79261.9,79261.9,79261.9,79261.9,0,79297.45781282237,0.0,0.0,79261.9,79261.9,-1.0
526,2024-08-08 14:40:00+05:30,79261.9,79302.3,79261.9,79302.3,20,79297.91897350596,40.40000000000873,80.80000000001746,79302.3,79221.49999999999,-1.0
527,2024-08-08 14:45:00+05:30,79302.3,79302.3,79302.3,79302.3,0,79298.33621412444,0.0,0.0,79302.3,79302.3,-1.0
528,2024-08-08 14:50:00+05:30,79302.3,79323.5,79302.3,79323.5,10,79300.73276516021,21.19999999999709,42.39999999999418,79323.5,79281.1,-1.0
529,2024-08-08 14:55:00+05:30,79323.5,79323.5,79320.0,79320.0,20,79302.56773990685,3.5,7.0,79320.0,79313.0,-1.0
530,2024-08-08 15:00:00+05:30,79320.0,79320.0,79320.0,79320.0,0,79304.22795515381,0.0,0.0,79320.0,79320.0,-1.0
531,2024-08-08 15:05:00+05:30,79320.0,79320.0,79320.0,79320.0,0,79305.73005466297,0.0,0.0,79320.0,79320.0,-1.0
532,2024-08-08 15:10:00+05:30,79320.0,79330.0,79320.0,79330.0,20,79308.0414780284,10.0,20.0,79330.0,79310.0,-1.0
533,2024-08-08 15:15:00+05:30,79330.0,79330.0,79330.0,79330.0,0,79310.13276583522,0.0,0.0,79330.0,79330.0,-1.0
534,2024-08-08 15:20:00+05:30,79320.0,79320.0,79320.0,79320.0,10,79311.07250242234,10.0,20.0,79320.0,79340.0,-1.0
535,2024-08-08 15:25:00+05:30,79320.0,79320.0,79100.0,79198.15,40,79300.31797838211,220.0,440.0,79198.15,79340.0,-1.0
536,2024-08-09 09:15:00+05:30,79750.0,79984.95,79750.0,79900.0,650,79357.43055186953,786.8000000000029,1573.6000000000058,79900.0,78326.4,1.0
537,2024-08-09 09:20:00+05:30,79900.0,79901.9,79883.35,79901.9,80,79409.28478502482,18.54999999998836,37.09999999997672,79901.9,79864.80000000002,1.0
538,2024-08-09 09:25:00+05:30,79901.9,79950.0,79859.35,79865.15,70,79452.70051978437,90.64999999999418,181.29999999998836,79865.15,79864.80000000002,1.0
539,2024-08-09 09:30:00+05:30,79865.15,79894.0,79865.15,79894.0,30,79494.72904170967,28.85000000000582,57.70000000001164,79894.0,79864.80000000002,1.0
540,2024-08-09 09:35:00+05:30,79894.0,79950.0,79894.0,79950.0,70,79538.08818059445,56.0,112.0,79950.0,79864.80000000002,1.0
541,2024-08-09 09:40:00+05:30,79950.0,80000.0,79900.0,79964.7,630,79578.7178776807,100.0,200.0,79964.7,79864.80000000002,1.0
542,2024-08-09 09:45:00+05:30,79964.7,79964.7,79964.7,79964.7,0,79615.47807980634,0.0,0.0,79964.7,79964.7,1.0
543,2024-08-09 09:50:00+05:30,79964.7,79964.7,79870.0,79870.0,40,79639.71826268194,94.69999999999709,189.39999999999418,79870.0,80059.4,1.0
544,2024-08-09 09:55:00+05:30,79870.0,80190.0,79870.0,80190.0,530,79692.12604718842,320.0,640.0,80190.0,79550.0,1.0
545,2024-08-09 10:00:00+05:30,80190.0,80190.0,79836.0,79836.0,120,79705.82832840856,354.0,708.0,79836.0,79550.0,1.0
546,2024-08-09 10:05:00+05:30,79836.0,79920.0,79750.1,79750.1,140,79710.04467808394,169.89999999999418,339.79999999998836,79750.1,79550.0,1.0
547,2024-08-09 10:10:00+05:30,79750.1,79881.95,79750.1,79881.95,20,79726.41661350451,131.84999999999127,263.69999999998254,79881.95,79618.25000000001,1.0
548,2024-08-09 10:15:00+05:30,79881.95,79881.95,79881.95,79881.95,0,79741.22931698027,0.0,0.0,79881.95,79881.95,1.0
549,2024-08-09 10:20:00+05:30,79881.95,79914.95,79702.1,79702.1,600,79737.50271536311,212.84999999999127,425.69999999998254,79702.1,80127.79999999999,1.0
550,2024-08-09 10:25:00+05:30,79702.1,79825.95,79702.1,79802.15,40,79743.65959961424,123.84999999999127,247.69999999998254,79802.15,80049.84999999998,1.0
551,2024-08-09 10:30:00+05:30,79802.15,79802.15,79802.15,79802.15,0,79749.2301139367,0.0,0.0,79802.15,79802.15,1.0
552,2024-08-09 10:35:00+05:30,79802.15,79802.15,79795.5,79800.0,230,79754.06534118083,6.649999999994179,13.299999999988358,79800.0,79813.29999999999,1.0
553,2024-08-09 10:40:00+05:30,79800.0,79809.0,79800.0,79800.0,420,79758.44007059219,9.0,18.0,79800.0,79813.29999999999,1.0
554,2024-08-09 10:45:00+05:30,79800.0,79800.0,79800.0,79800.0,0,79762.39815910722,0.0,0.0,79800.0,79800.0,1.0
555,2024-08-09 10:50:00+05:30,79800.0,79826.0,79800.0,79826.0,10,79768.45547728748,26.0,52.0,79826.0,79774.0,1.0
556,2024-08-09 10:55:00+05:30,79826.0,79826.0,79826.0,79826.0,0,79773.935908022,0.0,0.0,79826.0,79826.0,1.0
557,2024-08-09 11:00:00+05:30,79826.0,79826.0,79826.0,79826.0,10,79778.89439297229,0.0,0.0,79826.0,79826.0,1.0
558,2024-08-09 11:05:00+05:30,79826.0,79900.0,79826.0,79900.0,30,79790.42826030825,74.0,148.0,79900.0,79752.0,1.0
559,2024-08-09 11:10:00+05:30,79900.0,79900.0,79900.0,79900.0,10,79800.86366408842,0.0,0.0,79900.0,79900.0,1.0
560,2024-08-09 11:15:00+05:30,79900.0,79920.0,79900.0,79920.0,10,79812.20998179428,20.0,40.0,79920.0,79880.0,1.0
561,2024-08-09 11:20:00+05:30,79920.0,79920.0,79810.05,79810.05,10,79812.00426924243,109.94999999999709,219.89999999999418,79810.05,80029.95,-1.0
562,2024-08-09 11:25:00+05:30,79810.05,79810.05,79810.0,79810.0,10,79811.81338645743,0.05000000000291038,0.10000000000582077,79810.0,79810.1,-1.0
563,2024-08-09 11:30:00+05:30,79810.0,79810.0,79810.0,79810.0,0,79811.6406829853,0.0,0.0,79810.0,79810.0,-1.0
564,2024-08-09 11:35:00+05:30,79810.0,79810.0,79810.0,79810.0,0,79811.48442746288,0.0,0.0,79810.0,79810.0,-1.0
565,2024-08-09 11:40:00+05:30,79810.0,79810.0,79810.0,79810.0,0,79811.34305341881,0.0,0.0,79810.0,79810.0,-1.0
566,2024-08-09 11:45:00+05:30,79810.0,79810.0,79809.95,79810.0,110,79811.2151435694,0.05000000000291038,0.10000000000582077,79810.0,79810.1,-1.0
567,2024-08-09 11:50:00+05:30,79810.0,79810.0,79810.0,79810.0,0,79811.09941561041,0.0,0.0,79810.0,79810.0,-1.0
568,2024-08-09 11:55:00+05:30,79810.0,79810.0,79810.0,79810.0,0,79810.99470936181,0.0,0.0,79810.0,79810.0,-1.0
569,2024-08-09 12:00:00+05:30,79810.0,79810.0,79810.0,79810.0,0,79810.89997513688,0.0,0.0,79810.0,79810.0,-1.0
570,2024-08-09 12:05:00+05:30,79810.0,79930.05,79810.0,79930.0,130,79822.24283464765,120.05000000000291,240.10000000000582,79930.0,79689.9,-1.0
571,2024-08-09 12:10:00+05:30,79930.0,79930.0,79917.85,79917.85,20,79831.34827896692,12.14999999999418,24.29999999998836,79917.85,79893.55000000002,-1.0
572,2024-08-09 12:15:00+05:30,79917.85,79917.85,79917.85,79917.85,0,79839.58653811294,0.0,0.0,79917.85,79917.85,-1.0
573,2024-08-09 12:20:00+05:30,79917.85,79917.85,79917.85,79917.85,0,79847.04020114981,0.0,0.0,79917.85,79917.85,-1.0
574,2024-08-09 12:25:00+05:30,79917.85,79917.85,79917.85,79917.85,0,79853.7839915165,0.0,0.0,79917.85,79917.85,-1.0
575,2024-08-09 12:30:00+05:30,79917.85,79917.85,79917.85,79917.85,0,79859.88551613397,0.0,0.0,79917.85,79917.85,-1.0
576,2024-08-09 12:35:00+05:30,79917.85,79917.85,79917.85,79917.85,0,79865.40594316884,0.0,0.0,79917.85,79917.85,-1.0
577,2024-08-09 12:40:00+05:30,79917.85,79917.85,79835.05,79835.05,130,79862.51490096228,82.80000000000291,165.60000000000582,79835.05,80000.65000000001,-1.0
578,2024-08-09 12:45:00+05:30,79835.05,79835.05,79835.05,79835.05,0,79859.89919610873,0.0,0.0,79835.05,79835.05,-1.0
579,2024-08-09 12:50:00+05:30,79835.05,79835.05,79835.05,79835.05,0,79857.53260600314,0.0,0.0,79835.05,79835.05,-1.0
580,2024-08-09 12:55:00+05:30,79835.05,79835.05,79835.05,79835.05,0,79855.39140543141,0.0,0.0,79835.05,79835.05,-1.0
581,2024-08-09 13:00:00+05:30,79835.05,79835.05,79835.05,79835.05,0,79853.45412872366,0.0,0.0,79835.05,79835.05,-1.0
582,2024-08-09 13:05:00+05:30,79835.05,79835.05,79835.05,79835.05,0,79851.70135455951,0.0,0.0,79835.05,79835.05,-1.0
583,2024-08-09 13:10:00+05:30,79835.05,79835.05,79835.05,79835.05,0,79850.11551126813,0.0,0.0,79835.05,79835.05,-1.0
584,2024-08-09 13:15:00+05:30,79835.05,79835.05,79835.05,79835.05,0,79848.68070067118,0.0,0.0,79835.05,79835.05,-1.0
585,2024-08-09 13:20:00+05:30,79835.05,79900.0,79835.05,79900.0,10,79853.56825298822,64.94999999999709,129.89999999999418,79900.0,79770.1,-1.0
586,2024-08-09 13:25:00+05:30,79900.0,79900.0,79900.0,79900.0,0,79857.9903241322,0.0,0.0,79900.0,79900.0,-1.0
587,2024-08-09 13:30:00+05:30,79900.0,79900.0,79900.0,79900.0,0,79861.99124564341,0.0,0.0,79900.0,79900.0,-1.0
588,2024-08-09 13:35:00+05:30,79900.0,79900.0,79866.5,79866.5,10,79862.42065082022,33.5,67.0,79866.5,79933.5,-1.0
589,2024-08-09 13:40:00+05:30,79866.5,79866.5,79866.5,79866.5,0,79862.80916026591,0.0,0.0,79866.5,79866.5,-1.0
590,2024-08-09 13:45:00+05:30,79866.5,79900.0,79866.5,79900.0,10,79866.3511450025,33.5,67.0,79900.0,79833.0,-1.0
591,2024-08-09 13:50:00+05:30,79900.0,79949.95,79900.0,79949.95,10,79874.31294071655,49.94999999999709,99.89999999999418,79949.95,79850.05,-1.0
592,2024-08-09 13:55:00+05:30,79949.95,79949.95,79949.95,79949.95,0,79881.51647017212,0.0,0.0,79949.95,79949.95,-1.0
593,2024-08-09 14:00:00+05:30,79949.95,79949.95,79949.95,79949.95,0,79888.03394920335,0.0,0.0,79949.95,79949.95,-1.0
594,2024-08-09 14:05:00+05:30,79949.95,79949.95,79949.95,79949.95,0,79893.9307159459,0.0,0.0,79949.95,79949.95,-1.0
595,2024-08-09 14:10:00+05:30,79949.95,80000.0,79949.95,80000.0,60,79904.03255252248,50.05000000000291,100.10000000000582,80000.0,79899.9,-1.0
596,2024-08-09 14:15:00+05:30,80000.0,80000.0,79940.15,79940.15,30,79907.4723094251,59.85000000000582,119.70000000001164,79940.15,79899.9,-1.0
597,2024-08-09 14:20:00+05:30,79940.15,79940.15,79890.0,79890.0,110,79905.80827995605,50.14999999999418,100.29999999998836,79890.0,79990.29999999999,-1.0
598,2024-08-09 14:25:00+05:30,79890.0,79965.7,79890.0,79965.7,10,79911.51225329358,75.69999999999709,151.39999999999418,79965.7,79990.29999999999,-1.0
599,2024-08-09 14:30:00+05:30,79965.7,79965.7,79900.0,79900.0,10,79910.41584821799,65.69999999999709,131.39999999999418,79900.0,79990.29999999999,-1.0
600,2024-08-09 14:35:00+05:30,79900.0,79900.0,79900.0,79900.0,0,79909.42386267343,0.0,0.0,79900.0,79900.0,-1.0
601,2024-08-09 14:40:00+05:30,79900.0,79900.0,79874.25,79874.25,10,79906.07397099026,25.75,51.5,79874.25,79925.75,-1.0
602,2024-08-09 14:45:00+05:30,79874.25,79874.25,79874.25,79874.25,0,79903.04311661024,0.0,0.0,79874.25,79874.25,-1.0
603,2024-08-09 14:50:00+05:30,79874.25,79999.0,79874.25,79999.0,10,79912.18186740926,124.75,249.5,79999.0,79749.5,-1.0
604,2024-08-09 14:55:00+05:30,79999.0,79999.5,79999.0,79999.5,10,79920.49788003696,0.5,1.0,79999.5,79998.5,-1.0
605,2024-08-09 15:00:00+05:30,79999.5,79999.5,79919.55,79919.55,10,79920.40760574772,79.94999999999709,159.89999999999418,79919.55,80079.45,-1.0
606,2024-08-09 15:05:00+05:30,79919.55,79919.55,79919.55,79919.55,0,79920.32592900985,0.0,0.0,79919.55,79919.55,-1.0
607,2024-08-09 15:10:00+05:30,79919.55,79919.55,79900.05,79900.05,10,79918.39488815177,19.5,39.0,79900.05,79939.05,-1.0
608,2024-08-09 15:15:00+05:30,79900.05,79960.05,79900.05,79940.0,150,79920.4525178516,60.0,120.0,79940.0,79820.0,1.0
609,2024-08-09 15:20:00+05:30,79940.0,79957.7,79940.0,79957.7,40,79923.99989710383,17.69999999999709,35.39999999999418,79957.7,79922.3,1.0
610,2024-08-09 15:25:00+05:30,79957.7,79957.7,79854.75,79854.75,40,79917.40466880823,102.94999999999709,205.89999999999418,79854.75,80060.65,-1.0
611,2024-08-12 09:15:00+05:30,79990.0,79990.0,79713.2,79725.0,110,79899.08041463602,276.8000000000029,553.6000000000058,79725.0,80060.65,-1.0
612,2024-08-12 09:20:00+05:30,79725.0,79766.0,79725.0,79766.0,10,79886.4060894326,41.0,82.0,79766.0,79848.0,-1.0
613,2024-08-12 09:25:00+05:30,79766.0,79786.0,79750.0,79750.0,30,79873.41503329616,36.0,72.0,79750.0,79822.0,-1.0
614,2024-08-12 09:30:00+05:30,79750.0,79755.0,79685.35,79685.35,40,79855.50407774415,69.64999999999418,139.29999999998836,79685.35,79822.0,-1.0
615,2024-08-12 09:35:00+05:30,79685.35,79685.35,79685.35,79685.35,0,79839.2989274828,0.0,0.0,79685.35,79685.35,-1.0
616,2024-08-12 09:40:00+05:30,79685.35,79685.35,79685.35,79685.35,10,79824.6371248654,0.0,0.0,79685.35,79685.35,-1.0
617,2024-08-12 09:45:00+05:30,79685.35,79685.35,79600.0,79600.0,10,79803.24311297346,85.35000000000582,170.70000000001164,79600.0,79770.70000000001,-1.0
618,2024-08-12 09:50:00+05:30,79600.0,79643.45,79600.0,79643.45,10,79788.02472126171,43.44999999999709,86.89999999999418,79643.45,79730.34999999999,-1.0
619,2024-08-12 09:55:00+05:30,79643.45,79643.45,79643.45,79643.45,0,79774.25570018917,0.0,0.0,79643.45,79643.45,-1.0
620,2024-08-12 10:00:00+05:30,79643.45,79643.45,79643.45,79643.45,0,79761.79801445687,0.0,0.0,79643.45,79643.45,-1.0
621,2024-08-12 10:05:00+05:30,79643.45,79643.45,79643.45,79643.45,0,79750.5267749848,0.0,0.0,79643.45,79643.45,-1.0
622,2024-08-12 10:10:00+05:30,79643.45,79643.45,79643.45,79643.45,10,79740.32898689102,0.0,0.0,79643.45,79643.45,-1.0
623,2024-08-12 10:15:00+05:30,79643.45,79700.0,79643.45,79700.0,10,79736.48813099663,56.55000000000291,113.10000000000582,79700.0,79586.9,-1.0
624,2024-08-12 10:20:00+05:30,79700.0,79879.8,79700.0,79851.0,40,79747.39402328267,179.8000000000029,359.6000000000058,79851.0,79586.9,-1.0
625,2024-08-12 10:25:00+05:30,79851.0,79851.0,79851.0,79851.0,0,79757.26125916051,0.0,0.0,79851.0,79851.0,-1.0
626,2024-08-12 10:30:00+05:30,79851.0,79851.0,79851.0,79851.0,0,79766.18875828809,0.0,0.0,79851.0,79851.0,-1.0
627,2024-08-12 10:35:00+05:30,79851.0,79851.0,79851.0,79851.0,0,79774.26601940351,0.0,0.0,79851.0,79851.0,-1.0
628,2024-08-12 10:40:00+05:30,79851.0,79900.0,79851.0,79900.0,50,79786.24068422223,49.0,98.0,79900.0,79802.0,-1.0
629,2024-08-12 10:45:00+05:30,79900.0,79900.0,79900.0,79900.0,30,79797.07490477248,0.0,0.0,79900.0,79900.0,-1.0
630,2024-08-12 10:50:00+05:30,79900.0,79900.0,79900.0,79900.0,0,79806.87729479416,0.0,0.0,79900.0,79900.0,-1.0
631,2024-08-12 10:55:00+05:30,79900.0,80032.75,79900.0,80032.75,20,79828.38898100425,132.75,265.5,80032.75,79767.25,-1.0
632,2024-08-12 11:00:00+05:30,80032.75,80043.55,80032.75,80043.55,10,79848.8805066229,10.80000000000291,21.60000000000582,80043.55,80021.95,-1.0
633,2024-08-12 11:05:00+05:30,80043.55,80050.0,80043.55,80050.0,30,79868.03474408739,6.44999999999709,12.89999999999418,80050.0,80037.1,-1.0
634,2024-08-12 11:10:00+05:30,80050.0,80050.0,80050.0,80050.0,0,79885.36476846001,0.0,0.0,80050.0,80050.0,-1.0
635,2024-08-12 11:15:00+05:30,80050.0,80298.0,80050.0,80298.0,240,79924.66336194001,248.0,496.0,80298.0,79802.0,-1.0
636,2024-08-12 11:20:00+05:30,80298.0,80298.0,80256.5,80256.5,10,79956.26685127906,41.5,83.0,80256.5,80173.5,-1.0
637,2024-08-12 11:25:00+05:30,80256.5,80256.5,80256.5,80256.5,0,79984.86048449056,0.0,0.0,80256.5,80256.5,-1.0
638,2024-08-12 11:30:00+05:30,80256.5,80256.5,80256.5,80256.5,0,80010.73091453908,0.0,0.0,80256.5,80256.5,-1.0
639,2024-08-12 11:35:00+05:30,80256.5,80256.5,80256.5,80256.5,0,80034.13749410678,0.0,0.0,80256.5,80256.5,-1.0
640,2024-08-12 11:40:00+05:30,80256.5,80256.5,80150.1,80150.1,10,80045.18154228709,106.39999999999418,212.79999999998836,80150.1,80362.9,-1.0
641,2024-08-12 11:45:00+05:30,80150.1,80150.1,80150.1,80150.1,0,80055.17377635498,0.0,0.0,80150.1,80150.1,-1.0
642,2024-08-12 11:50:00+05:30,80150.1,80150.1,80047.0,80047.0,20,80054.39532146402,103.10000000000582,206.20000000001164,80047.0,80253.20000000001,-1.0
643,2024-08-12 11:55:00+05:30,80047.0,80047.0,80047.0,80047.0,0,80053.69100513411,0.0,0.0,80047.0,80047.0,-1.0
644,2024-08-12 12:00:00+05:30,80047.0,80047.0,80047.0,80047.0,0,80053.05376654991,0.0,0.0,80047.0,80047.0,-1.0
645,2024-08-12 12:05:00+05:30,80047.0,80075.9,80047.0,80075.0,90,80055.14388402135,28.89999999999418,57.79999999998836,80075.0,80017.20000000001,-1.0
646,2024-08-12 12:10:00+05:30,80075.0,80075.0,80075.0,80075.0,0,80057.03494268599,0.0,0.0,80075.0,80075.0,-1.0
647,2024-08-12 12:15:00+05:30,80075.0,80075.0,80075.0,80075.0,20,80058.74590052542,0.0,0.0,80075.0,80075.0,-1.0
648,2024-08-12 12:20:00+05:30,80075.0,80075.0,80075.0,80075.0,0,80060.29390999919,0.0,0.0,80075.0,80075.0,-1.0
649,2024-08-12 12:25:00+05:30,80075.0,80075.0,80075.0,80075.0,0,80061.69448999927,0.0,0.0,80075.0,80075.0,-1.0
650,2024-08-12 12:30:00+05:30,80075.0,80075.0,80061.7,80061.7,10,80061.69501476124,13.30000000000291,26.60000000000582,80061.7,80088.3,-1.0
651,2024-08-12 12:35:00+05:30,80061.7,80061.7,80061.7,80061.7,0,80061.69548954588,0.0,0.0,80061.7,80061.7,-1.0
652,2024-08-12 12:40:00+05:30,80061.7,80061.7,80061.7,80061.7,0,80061.69591911294,0.0,0.0,80061.7,80061.7,-1.0
653,2024-08-12 12:45:00+05:30,80061.7,80102.35,80061.7,80102.35,20,80065.56773634028,40.65000000000873,81.30000000001746,80102.35,80021.04999999999,-1.0
654,2024-08-12 12:50:00+05:30,80102.35,80102.35,80102.35,80102.35,0,80069.07080906977,0.0,0.0,80102.35,80102.35,-1.0
655,2024-08-12 12:55:00+05:30,80102.35,80102.35,80102.35,80102.35,0,80072.24025582503,0.0,0.0,80102.35,80102.35,-1.0
656,2024-08-12 13:00:00+05:30,80102.35,80102.35,80102.35,80102.35,0,80075.10785050836,0.0,0.0,80102.35,80102.35,-1.0
657,2024-08-12 13:05:00+05:30,80102.35,80102.35,80102.35,80102.35,0,80077.70234093613,0.0,0.0,80102.35,80102.35,-1.0
658,2024-08-12 13:10:00+05:30,80102.35,80102.35,80102.35,80102.35,0,80080.04973703745,0.0,0.0,80102.35,80102.35,-1.0
659,2024-08-12 13:15:00+05:30,80102.35,80102.35,80102.35,80102.35,0,80082.17357160531,0.0,0.0,80102.35,80102.35,-1.0
660,2024-08-12 13:20:00+05:30,80102.35,80102.35,80102.35,80102.35,0,80084.09513621432,0.0,0.0,80102.35,80102.35,-1.0
661,2024-08-12 13:25:00+05:30,80102.35,80102.35,80102.35,80102.35,0,80085.8336946701,0.0,0.0,80102.35,80102.35,-1.0
662,2024-08-12 13:30:00+05:30,80102.35,80102.35,80102.0,80102.0,10,80087.37334279677,0.35000000000582077,0.7000000000116415,80102.0,80102.70000000001,-1.0
663,2024-08-12 13:35:00+05:30,80102.0,80102.0,80102.0,80102.0,0,80088.7663577685,0.0,0.0,80102.0,80102.0,-1.0
664,2024-08-12 13:40:00+05:30,80102.0,80102.0,80102.0,80102.0,0,80090.0267046477,0.0,0.0,80102.0,80102.0,-1.0
665,2024-08-12 13:45:00+05:30,80102.0,80102.0,80102.0,80102.0,0,80091.16701849077,0.0,0.0,80102.0,80102.0,-1.0
666,2024-08-12 13:50:00+05:30,80102.0,80102.0,80102.0,80102.0,0,80092.19873101547,0.0,0.0,80102.0,80102.0,-1.0
667,2024-08-12 13:55:00+05:30,80102.0,80102.0,80102.0,80102.0,0,80093.13218520448,0.0,0.0,80102.0,80102.0,-1.0
668,2024-08-12 14:00:00+05:30,80102.0,80102.0,80102.0,80102.0,0,80093.97673899453,0.0,0.0,80102.0,80102.0,-1.0
669,2024-08-12 14:05:00+05:30,80102.0,80102.0,80102.0,80102.0,0,80094.74085909029,0.0,0.0,80102.0,80102.0,-1.0
670,2024-08-12 14:10:00+05:30,80102.0,80102.0,80102.0,80102.0,0,80095.43220584361,0.0,0.0,80102.0,80102.0,-1.0
671,2024-08-12 14:15:00+05:30,80102.0,80102.0,80102.0,80102.0,0,80096.05771004899,0.0,0.0,80102.0,80102.0,-1.0
672,2024-08-12 14:20:00+05:30,80102.0,80102.0,80102.0,80102.0,0,80096.62364242529,0.0,0.0,80102.0,80102.0,-1.0
673,2024-08-12 14:25:00+05:30,80102.0,80102.0,80102.0,80102.0,0,80097.13567648003,0.0,0.0,80102.0,80102.0,-1.0
674,2024-08-12 14:30:00+05:30,80102.0,80102.0,80102.0,80102.0,0,80097.5989453867,0.0,0.0,80102.0,80102.0,-1.0
675,2024-08-12 14:35:00+05:30,80102.0,80102.0,80102.0,80102.0,0,80098.0180934451,0.0,0.0,80102.0,80102.0,-1.0
676,2024-08-12 14:40:00+05:30,80102.0,80102.0,80102.0,80102.0,0,80098.39732264081,0.0,0.0,80102.0,80102.0,-1.0
677,2024-08-12 14:45:00+05:30,80102.0,80120.0,80102.0,80120.0,80,80100.45472048454,18.0,36.0,80120.0,80084.0,-1.0
678,2024-08-12 14:50:00+05:30,80120.0,80120.0,80120.0,80120.0,0,80102.31617567649,0.0,0.0,80120.0,80120.0,-1.0
679,2024-08-12 14:55:00+05:30,80120.0,80120.0,80120.0,80120.0,0,80104.00034942158,0.0,0.0,80120.0,80120.0,-1.0
680,2024-08-12 15:00:00+05:30,80120.0,80120.0,79635.2,79700.0,160,80065.52412566713,484.8000000000029,969.6000000000058,79700.0,80669.6,-1.0
681,2024-08-12 15:05:00+05:30,79700.0,79700.0,79700.0,79700.0,0,80030.71230417502,0.0,0.0,79700.0,79700.0,-1.0
682,2024-08-12 15:10:00+05:30,79700.0,79882.45,79700.0,79882.45,10,80016.59208472977,182.4499999999971,364.8999999999942,79882.45,79517.55,-1.0
683,2024-08-12 15:15:00+05:30,79882.45,79882.45,79882.45,79882.45,10,80003.81664808883,0.0,0.0,79882.45,79882.45,-1.0
684,2024-08-12 15:20:00+05:30,79882.45,79882.45,79882.45,79882.45,0,79992.25791969942,0.0,0.0,79882.45,79882.45,-1.0
685,2024-08-12 15:25:00+05:30,79882.45,79890.75,79882.45,79890.75,10,79982.59049877567,8.30000000000291,16.60000000000582,79890.75,79874.15,-1.0
686,2024-08-13 09:15:00+05:30,79550.2,79550.2,79550.2,79550.2,0,79941.41045127322,340.5500000000029,681.1000000000058,79550.2,80231.3,-1.0
687,2024-08-13 09:20:00+05:30,79550.2,79800.0,79550.2,79800.0,10,79927.9427892472,249.8000000000029,499.6000000000058,79800.0,80231.3,-1.0
688,2024-08-13 09:25:00+05:30,79800.0,79800.0,79800.0,79800.0,0,79915.75776169985,0.0,0.0,79800.0,79800.0,-1.0
689,2024-08-13 09:30:00+05:30,79800.0,79800.0,79750.0,79750.0,10,79899.97130820462,50.0,100.0,79750.0,79850.0,-1.0
690,2024-08-13 09:35:00+05:30,79750.0,79750.0,79699.25,79699.25,20,79880.85499313752,50.75,101.5,79699.25,79800.75,-1.0
691,2024-08-13 09:40:00+05:30,79699.25,79699.25,79699.25,79699.25,0,79863.55927950537,0.0,0.0,79699.25,79699.25,-1.0
692,2024-08-13 09:45:00+05:30,79699.25,79699.25,79699.25,79699.25,0,79847.91077669534,0.0,0.0,79699.25,79699.25,-1.0
693,2024-08-13 09:50:00+05:30,79699.25,79699.25,79699.25,79699.25,0,79833.75260748625,0.0,0.0,79699.25,79699.25,-1.0
694,2024-08-13 09:55:00+05:30,79699.25,79699.25,79699.25,79699.25,0,79820.94283534471,0.0,0.0,79699.25,79699.25,-1.0
695,2024-08-13 10:00:00+05:30,79699.25,79699.25,79699.25,79699.25,0,79809.35304150236,0.0,0.0,79699.25,79699.25,-1.0
696,2024-08-13 10:05:00+05:30,79699.25,79699.25,79699.25,79699.25,0,79798.86703754975,0.0,0.0,79699.25,79699.25,-1.0
697,2024-08-13 10:10:00+05:30,79699.25,79871.75,79699.25,79871.75,10,79805.80827206881,172.5,345.0,79871.75,79526.75,-1.0
698,2024-08-13 10:15:00+05:30,79871.75,79871.75,79871.75,79871.75,0,79812.08843663368,0.0,0.0,79871.75,79871.75,-1.0
699,2024-08-13 10:20:00+05:30,79871.75,79871.75,79871.75,79871.75,0,79817.77049028761,0.0,0.0,79871.75,79871.75,-1.0
700,2024-08-13 10:25:00+05:30,79871.75,79871.75,79871.75,79871.75,0,79822.9113959745,0.0,0.0,79871.75,79871.75,-1.0
701,2024-08-13 10:30:00+05:30,79871.75,79871.75,79710.0,79710.0,20,79812.15792969121,161.75,323.5,79710.0,80033.5,-1.0
702,2024-08-13 10:35:00+05:30,79710.0,79710.0,79710.0,79710.0,0,79802.42860305395,0.0,0.0,79710.0,79710.0,-1.0
703,2024-08-13 10:40:00+05:30,79710.0,79710.0,79710.0,79710.0,0,79793.62587895356,0.0,0.0,79710.0,79710.0,-1.0
704,2024-08-13 10:45:00+05:30,79710.0,79710.0,79710.0,79710.0,0,79785.66150952941,0.0,0.0,79710.0,79710.0,-1.0
705,2024-08-13 10:50:00+05:30,79710.0,79710.0,79710.0,79710.0,0,79778.45565147899,0.0,0.0,79710.0,79710.0,-1.0
706,2024-08-13 10:55:00+05:30,79710.0,79710.0,79710.0,79710.0,20,79771.93606562384,0.0,0.0,79710.0,79710.0,-1.0
707,2024-08-13 11:00:00+05:30,79710.0,79710.0,79710.0,79710.0,0,79766.03739270728,0.0,0.0,79710.0,79710.0,-1.0
708,2024-08-13 11:05:00+05:30,79710.0,79710.0,79710.0,79710.0,0,79760.70049816373,0.0,0.0,79710.0,79710.0,-1.0
709,2024-08-13 11:10:00+05:30,79710.0,79710.0,79710.0,79710.0,0,79755.871879291,0.0,0.0,79710.0,79710.0,-1.0
710,2024-08-13 11:15:00+05:30,79710.0,79710.0,79710.0,79710.0,0,79751.50312888232,0.0,0.0,79710.0,79710.0,-1.0
711,2024-08-13 11:20:00+05:30,79710.0,79710.0,79710.0,79710.0,0,79747.55044994115,0.0,0.0,79710.0,79710.0,-1.0
712,2024-08-13 11:25:00+05:30,79710.0,79710.0,79710.0,79710.0,0,79743.97421661341,0.0,0.0,79710.0,79710.0,-1.0
713,2024-08-13 11:30:00+05:30,79710.0,79710.0,79710.0,79710.0,0,79740.73857693594,0.0,0.0,79710.0,79710.0,-1.0
714,2024-08-13 11:35:00+05:30,79710.0,79710.0,79710.0,79710.0,0,79737.81109341822,0.0,0.0,79710.0,79710.0,-1.0
715,2024-08-13 11:40:00+05:30,79710.0,79710.0,79710.0,79710.0,0,79735.16241785458,0.0,0.0,79710.0,79710.0,-1.0
716,2024-08-13 11:45:00+05:30,79710.0,79710.0,79710.0,79710.0,0,79732.76599710651,0.0,0.0,79710.0,79710.0,-1.0
717,2024-08-13 11:50:00+05:30,79710.0,79710.0,79710.0,79710.0,0,79730.59780690589,0.0,0.0,79710.0,79710.0,-1.0
718,2024-08-13 11:55:00+05:30,79710.0,79710.0,79710.0,79710.0,0,79728.63611101008,0.0,0.0,79710.0,79710.0,-1.0
719,2024-08-13 12:00:00+05:30,79710.0,79710.0,79710.0,79710.0,20,79726.86124329483,0.0,0.0,79710.0,79710.0,-1.0
720,2024-08-13 12:05:00+05:30,79710.0,79743.3,79700.0,79743.3,20,79728.42683917152,43.30000000000291,86.60000000000582,79743.3,79656.7,-1.0
721,2024-08-13 12:10:00+05:30,79743.3,79743.3,79743.3,79743.3,0,79729.843330679,0.0,0.0,79743.3,79743.3,-1.0
722,2024-08-13 12:15:00+05:30,79743.3,79743.3,79743.3,79743.3,0,79731.12491823338,0.0,0.0,79743.3,79743.3,-1.0
723,2024-08-13 12:20:00+05:30,79743.3,79743.3,79708.4,79708.4,10,79728.9606403064,34.90000000000873,69.80000000001746,79708.4,79778.20000000001,-1.0
724,2024-08-13 12:25:00+05:30,79708.4,79708.4,79708.4,79708.4,0,79727.00248408674,0.0,0.0,79708.4,79708.4,-1.0
725,2024-08-13 12:30:00+05:30,79708.4,79708.4,79708.4,79708.4,0,79725.23081893563,0.0,0.0,79708.4,79708.4,-1.0
726,2024-08-13 12:35:00+05:30,79708.4,79708.4,79600.0,79600.0,10,79713.30407427509,108.39999999999418,216.79999999998836,79600.0,79816.79999999999,-1.0
727,2024-08-13 12:40:00+05:30,79600.0,79600.0,79590.0,79590.0,20,79701.56082910603,10.0,20.0,79590.0,79610.0,-1.0
728,2024-08-13 12:45:00+05:30,79590.0,79590.0,79506.0,79506.0,40,79682.9359882388,84.0,168.0,79506.0,79610.0,-1.0
729,2024-08-13 12:50:00+05:30,79506.0,79506.0,79506.0,79506.0,0,79666.08494173986,0.0,0.0,79506.0,79506.0,-1.0
730,2024-08-13 12:55:00+05:30,79506.0,79506.0,79506.0,79506.0,0,79650.83875681226,0.0,0.0,79506.0,79506.0,-1.0
731,2024-08-13 13:00:00+05:30,79506.0,79520.0,79506.0,79520.0,10,79638.37792283013,14.0,28.0,79520.0,79492.0,-1.0
732,2024-08-13 13:05:00+05:30,79520.0,79520.0,79520.0,79520.0,0,79627.10383494155,0.0,0.0,79520.0,79520.0,-1.0
733,2024-08-13 13:10:00+05:30,79520.0,79520.0,79520.0,79520.0,0,79616.90346970901,0.0,0.0,79520.0,79520.0,-1.0
734,2024-08-13 13:15:00+05:30,79520.0,79550.0,79520.0,79550.0,10,79610.5317106891,30.0,60.0,79550.0,79490.0,-1.0
735,2024-08-13 13:20:00+05:30,79550.0,79550.1,79550.0,79550.1,40,79604.77630967108,0.10000000000582077,0.20000000001164153,79550.1,79549.9,-1.0
736,2024-08-13 13:25:00+05:30,79550.1,79550.1,79550.1,79550.1,0,79599.56904208336,0.0,0.0,79550.1,79550.1,-1.0
737,2024-08-13 13:30:00+05:30,79550.1,79550.1,79525.0,79525.0,30,79592.46722855161,25.10000000000582,50.20000000001164,79525.0,79575.20000000001,-1.0
738,2024-08-13 13:35:00+05:30,79525.0,79525.0,79525.0,79525.0,0,79586.04177821337,0.0,0.0,79525.0,79525.0,-1.0
739,2024-08-13 13:40:00+05:30,79525.0,79525.0,79450.0,79450.0,20,79573.08541838353,75.0,150.0,79450.0,79600.0,-1.0
740,2024-08-13 13:45:00+05:30,79450.0,79450.0,79450.0,79450.0,0,79561.3629975851,0.0,0.0,79450.0,79450.0,-1.0
741,2024-08-13 13:50:00+05:30,79450.0,79450.0,79390.0,79390.0,20,79545.04271210081,60.0,120.0,79390.0,79510.0,-1.0
742,2024-08-13 13:55:00+05:30,79390.0,79390.0,79350.0,79350.0,20,79526.46721571026,40.0,80.0,79350.0,79430.0,-1.0
743,2024-08-13 14:00:00+05:30,79350.0,79350.0,79300.0,79300.0,30,79504.89890945214,50.0,100.0,79300.0,79400.0,-1.0
744,2024-08-13 14:05:00+05:30,79300.0,79300.0,79300.0,79300.0,0,79485.38472759955,0.0,0.0,79300.0,79300.0,-1.0
745,2024-08-13 14:10:00+05:30,79300.0,79300.0,79300.0,79300.0,0,79467.72903925674,0.0,0.0,79300.0,79300.0,-1.0
746,2024-08-13 14:15:00+05:30,79300.0,79300.0,79300.0,79300.0,0,79451.75484504181,0.0,0.0,79300.0,79300.0,-1.0
747,2024-08-13 14:20:00+05:30,79300.0,79300.0,79300.0,79300.0,0,79437.30200265687,0.0,0.0,79300.0,79300.0,-1.0
748,2024-08-13 14:25:00+05:30,79300.0,79300.0,79300.0,79300.0,0,79424.22562145145,0.0,0.0,79300.0,79300.0,-1.0
749,2024-08-13 14:30:00+05:30,79300.0,79300.0,79300.0,79300.0,0,79412.39460988464,0.0,0.0,79300.0,79300.0,-1.0
750,2024-08-13 14:35:00+05:30,79300.0,79300.0,79300.0,79300.0,10,79401.69036132419,0.0,0.0,79300.0,79300.0,-1.0
751,2024-08-13 14:40:00+05:30,79300.0,79300.0,79293.9,79294.35,30,79391.4674697695,6.100000000005821,12.200000000011642,79294.35,79306.55000000002,-1.0
752,2024-08-13 14:45:00+05:30,79294.35,79310.0,79294.35,79310.0,20,79383.70866312478,15.64999999999418,31.29999999998836,79310.0,79278.70000000001,1.0
753,2024-08-13 14:50:00+05:30,79310.0,79310.0,79222.0,79222.0,20,79368.30783806527,88.0,176.0,79222.0,79398.0,-1.0
754,2024-08-13 14:55:00+05:30,79222.0,79222.0,79222.0,79222.0,0,79354.37375824954,0.0,0.0,79222.0,79222.0,-1.0
755,2024-08-13 15:00:00+05:30,79222.0,79222.0,79198.6,79198.6,10,79339.53816222577,23.39999999999418,46.79999999998836,79198.6,79245.4,-1.0
756,2024-08-13 15:05:00+05:30,79198.6,79198.6,79198.6,79198.6,0,79326.11548010903,0.0,0.0,79198.6,79198.6,-1.0
757,2024-08-13 15:10:00+05:30,79198.6,79198.6,79198.6,79198.6,0,79313.97114867008,0.0,0.0,79198.6,79198.6,-1.0
758,2024-08-13 15:15:00+05:30,79198.6,79198.6,79198.6,79198.6,0,79302.98342022531,0.0,0.0,79198.6,79198.6,-1.0
759,2024-08-13 15:20:00+05:30,79198.6,79298.0,79198.6,79298.0,10,79302.50880877528,99.39999999999418,198.79999999998836,79298.0,79099.20000000001,-1.0
760,2024-08-13 15:25:00+05:30,79298.0,79309.9,79298.0,79309.9,10,79303.21273174907,11.89999999999418,23.79999999998836,79309.9,79286.1,-1.0
761,2024-08-14 09:30:00+05:30,79200.0,79200.0,79200.0,79200.0,20,79293.38294777297,109.89999999999418,219.79999999998836,79200.0,79419.79999999999,-1.0
762,2024-08-14 09:35:00+05:30,79200.0,79200.0,79150.0,79150.0,10,79279.72742893745,50.0,100.0,79150.0,79250.0,-1.0
763,2024-08-14 09:40:00+05:30,79150.0,79150.0,79150.0,79150.0,0,79267.37243570531,0.0,0.0,79150.0,79150.0,-1.0
764,2024-08-14 09:45:00+05:30,79150.0,79150.0,79150.0,79150.0,0,79256.19410849529,0.0,0.0,79150.0,79150.0,-1.0
765,2024-08-14 09:50:00+05:30,79150.0,79150.0,79150.0,79150.0,30,79246.08038387669,0.0,0.0,79150.0,79150.0,-1.0
766,2024-08-14 09:55:00+05:30,79150.0,79150.0,79150.0,79150.0,0,79236.92987112653,0.0,0.0,79150.0,79150.0,-1.0
767,2024-08-14 10:00:00+05:30,79150.0,79150.0,79150.0,79150.0,0,79228.65083578114,0.0,0.0,79150.0,79150.0,-1.0
768,2024-08-14 10:05:00+05:30,79150.0,79150.0,79150.0,79150.0,0,79221.16027999246,0.0,0.0,79150.0,79150.0,-1.0
769,2024-08-14 10:10:00+05:30,79150.0,79150.0,79150.0,79150.0,0,79214.38311046937,0.0,0.0,79150.0,79150.0,-1.0
770,2024-08-14 10:15:00+05:30,79150.0,79250.0,79150.0,79250.0,10,79217.77519518658,100.0,200.0,79250.0,79050.0,-1.0
771,2024-08-14 10:20:00+05:30,79250.0,79250.0,79250.0,79250.0,0,79220.84422421643,0.0,0.0,79250.0,79250.0,-1.0
772,2024-08-14 10:25:00+05:30,79250.0,79250.0,79250.0,79250.0,0,79223.62096476725,0.0,0.0,79250.0,79250.0,-1.0
773,2024-08-14 10:30:00+05:30,79250.0,79250.0,79250.0,79250.0,0,79226.13325383705,0.0,0.0,79250.0,79250.0,-1.0
774,2024-08-14 10:35:00+05:30,79250.0,79250.0,79250.0,79250.0,0,79228.40627728114,0.0,0.0,79250.0,79250.0,-1.0
775,2024-08-14 10:40:00+05:30,79250.0,79250.0,79250.0,79250.0,0,79230.462822302,0.0,0.0,79250.0,79250.0,-1.0
776,2024-08-14 10:45:00+05:30,79250.0,79250.0,79250.0,79250.0,0,79232.32350589229,0.0,0.0,79250.0,79250.0,-1.0
777,2024-08-14 10:50:00+05:30,79250.0,79250.0,79250.0,79250.0,0,79234.0069815216,0.0,0.0,79250.0,79250.0,-1.0
778,2024-08-14 10:55:00+05:30,79250.0,79250.0,79250.0,79250.0,0,79235.53012613859,0.0,0.0,79250.0,79250.0,-1.0
779,2024-08-14 11:00:00+05:30,79250.0,79250.0,79250.0,79250.0,0,79236.9082093635,0.0,0.0,79250.0,79250.0,-1.0
780,2024-08-14 11:05:00+05:30,79250.0,79250.0,79250.0,79250.0,0,79238.15504656697,0.0,0.0,79250.0,79250.0,-1.0
781,2024-08-14 11:10:00+05:30,79250.0,79250.0,79250.0,79250.0,0,79239.28313737012,0.0,0.0,79250.0,79250.0,-1.0
782,2024-08-14 11:15:00+05:30,79250.0,79250.0,79250.0,79250.0,0,79240.30379095393,0.0,0.0,79250.0,79250.0,-1.0
783,2024-08-14 11:20:00+05:30,79250.0,79250.0,79250.0,79250.0,0,79241.2272394345,0.0,0.0,79250.0,79250.0,-1.0
784,2024-08-14 11:25:00+05:30,79250.0,79250.0,79250.0,79250.0,0,79242.06274044074,0.0,0.0,79250.0,79250.0,-1.0
785,2024-08-14 11:30:00+05:30,79250.0,79250.0,79250.0,79250.0,0,79242.81866992258,0.0,0.0,79250.0,79250.0,-1.0
786,2024-08-14 11:35:00+05:30,79250.0,79250.0,79250.0,79250.0,0,79243.50260612043,0.0,0.0,79250.0,79250.0,-1.0
787,2024-08-14 11:40:00+05:30,79250.0,79250.0,79250.0,79250.0,0,79244.12140553753,0.0,0.0,79250.0,79250.0,-1.0
788,2024-08-14 11:45:00+05:30,79250.0,79250.0,79250.0,79250.0,0,79244.68127167682,0.0,0.0,79250.0,79250.0,-1.0
789,2024-08-14 11:50:00+05:30,79250.0,79250.0,79250.0,79250.0,0,79245.18781723142,0.0,0.0,79250.0,79250.0,-1.0
790,2024-08-14 11:55:00+05:30,79250.0,79250.0,79250.0,79250.0,0,79245.64612035223,0.0,0.0,79250.0,79250.0,-1.0
791,2024-08-14 12:00:00+05:30,79250.0,79250.0,79250.0,79250.0,0,79246.06077555679,0.0,0.0,79250.0,79250.0,-1.0
792,2024-08-14 12:05:00+05:30,79250.0,79250.0,79250.0,79250.0,0,79246.43593978949,0.0,0.0,79250.0,79250.0,-1.0
793,2024-08-14 12:10:00+05:30,79250.0,79250.0,79250.0,79250.0,0,79246.77537409526,0.0,0.0,79250.0,79250.0,-1.0
794,2024-08-14 12:15:00+05:30,79250.0,79250.0,79250.0,79250.0,0,79247.0824813243,0.0,0.0,79250.0,79250.0,-1.0
795,2024-08-14 12:20:00+05:30,79250.0,79250.0,79250.0,79250.0,0,79247.3603402458,0.0,0.0,79250.0,79250.0,-1.0
796,2024-08-14 12:25:00+05:30,79250.0,79250.0,79250.0,79250.0,0,79247.61173641287,0.0,0.0,79250.0,79250.0,-1.0
797,2024-08-14 12:30:00+05:30,79250.0,79250.0,79250.0,79250.0,0,79247.83919008785,0.0,0.0,79250.0,79250.0,-1.0
798,2024-08-14 12:35:00+05:30,79250.0,79344.75,79250.0,79344.75,20,79257.06879103187,94.75,189.5,79344.75,79155.25,-1.0
799,2024-08-14 12:40:00+05:30,79344.75,79344.75,79344.75,79344.75,0,79265.41938236216,0.0,0.0,79344.75,79344.75,-1.0
800,2024-08-14 12:45:00+05:30,79344.75,79373.95,79344.75,79373.95,10,79275.755631661,29.19999999999709,58.39999999999418,79373.95,79315.55,-1.0
801,2024-08-14 12:50:00+05:30,79373.95,79373.95,79373.95,79373.95,0,79285.10747626472,0.0,0.0,79373.95,79373.95,-1.0
802,2024-08-14 12:55:00+05:30,79373.95,79373.95,79373.95,79373.95,0,79293.56866900141,0.0,0.0,79373.95,79373.95,-1.0
803,2024-08-14 13:00:00+05:30,79373.95,79468.85,79373.95,79468.85,60,79310.26212909652,94.90000000000873,189.80000000001746,79468.85,79279.04999999999,-1.0
804,2024-08-14 13:05:00+05:30,79468.85,79468.85,79468.85,79468.85,0,79325.36573584923,0.0,0.0,79468.85,79468.85,-1.0
805,2024-08-14 13:10:00+05:30,79468.85,79468.85,79389.4,79389.4,10,79331.46423719692,79.45000000001164,158.90000000002328,79389.4,79548.30000000002,-1.0
806,2024-08-14 13:15:00+05:30,79389.4,79389.4,79389.4,79389.4,0,79336.98192889246,0.0,0.0,79389.4,79389.4,-1.0
807,2024-08-14 13:20:00+05:30,79389.4,79389.4,79389.4,79389.4,0,79341.9741261408,0.0,0.0,79389.4,79389.4,-1.0
808,2024-08-14 13:25:00+05:30,79389.4,79389.4,79389.4,79389.4,0,79346.49087603216,0.0,0.0,79389.4,79389.4,-1.0
809,2024-08-14 13:30:00+05:30,79389.4,79389.4,79389.4,79389.4,0,79350.5774592672,0.0,0.0,79389.4,79389.4,-1.0
810,2024-08-14 13:35:00+05:30,79389.4,79389.4,79389.4,79389.4,0,79354.2748440989,0.0,0.0,79389.4,79389.4,-1.0
811,2024-08-14 13:40:00+05:30,79389.4,79389.4,79389.4,79389.4,0,79357.62009704186,0.0,0.0,79389.4,79389.4,-1.0
812,2024-08-14 13:45:00+05:30,79389.4,79389.4,79389.4,79389.4,0,79360.64675446645,0.0,0.0,79389.4,79389.4,-1.0
813,2024-08-14 13:50:00+05:30,79389.4,79396.9,79389.4,79396.9,10,79364.09944451727,7.5,15.0,79396.9,79381.9,-1.0
814,2024-08-14 13:55:00+05:30,79396.9,79396.9,79396.9,79396.9,0,79367.2233069442,0.0,0.0,79396.9,79396.9,-1.0
815,2024-08-14 14:00:00+05:30,79396.9,79396.9,79396.9,79396.9,0,79370.0496586638,0.0,0.0,79396.9,79396.9,-1.0
816,2024-08-14 14:05:00+05:30,79396.9,79396.9,79396.9,79396.9,0,79372.60683402917,0.0,0.0,79396.9,79396.9,-1.0
817,2024-08-14 14:10:00+05:30,79396.9,79396.9,79396.9,79396.9,0,79374.92046888355,0.0,0.0,79396.9,79396.9,-1.0
